frequency,callsign,city,sp,antenna_type,erp,lat,lon,class,slogan,haat,owner,format,market
102.9,W275DF,CLEVELAND,OH,NDIR,0.05,41.39355555555556,81.65436111111111,D,1420 THE ANSWER,,SALEM COMMUNICATIONS HOLDING CORPORATION,Talk,
102.9,W275DG,JEFFERSON,OH,NDIR,0.215,40.780277777777776,81.935,D,GLORY RADIO,70.6,"SOARING EAGLE PROMOTIONS, INC.",Southern Gospel,
105.9,WDOG-LP,NEW PHILADELPHIA,OH,NDIR,0.1,40.4975,81.46833333333333,LP100,BIG DOG RADIO 105.9,-9.0,Bad Dog Radio,Rock,
95.9,WIOH-LP,Wilmington,OH,NDIR,0.027,39.41111111111111,83.8425,LP100,,57.0,Clinton County Amateur Radio Association,Talk,
98.3,WLGN-FM,LOGAN,OH,NDIR,6.0,39.528666666666666,82.3848888888889,A,98.3 WLGN,67.0,WLGN Radio Company,Classic Hits,
102.9,WVWO-LP,Van Wert,OH,NDIR,0.1,40.87222222222222,84.58888888888889,LP100,REWIND 102-9,12.0,CROCKER MEDIA GROUP LLC,Classic Hits,
103.1,WWLA,JOHNSTOWN,OH,NDIR,1.6,40.228944444444444,82.65983333333334,A,LA MEGA 103.1,135.0,LAZO MEDIA LLC,Regional Mexican,
104.5,W283BL,MALTA,OH,NDIR,0.045,39.643388888888886,81.85788888888888,D,BIBLE BROADCASTING NETWORK,39.3,BELPRE EDUCATIONAL BROADCASTING FOUNDATION,Religious Teaching,
91.9,WKCO,GAMBIER,OH,NDIR,0.265,40.373666666666665,82.39569444444444,A,,58.0,KENYON COLLEGE,Variety,
88.1,W201DP,ASHTABULA,OH,NDIR,0.038,41.86419444444444,80.78488888888889,D,WYSU 88.5,,YOUNGSTOWN STATE UNIVERSITY,Classical/News,
88.3,W202AW,SANDUSKY,OH,NDIR,0.12,41.399499999999996,82.65183333333334,D,BIBLE BROADCASTING NETWORK,29.0,"BIBLE BROADCASTING NETWORK, INC.",Religious Teaching,
88.3,W202CE,COSHOCTON,OH,NDIR,0.25,40.27033333333333,81.85983333333333,D,CLASSICAL 101,-15.2,OHIO STATE UNIVERSITY,Classical,
88.7,W204CQ,PIKETON,OH,NDIR,0.01,39.035888888888884,83.06349999999999,D,K-LOVE,150.7,EDUCATIONAL MEDIA FOUNDATION,Contemporary Christian,
88.7,W204CU,FINDLAY,OH,NDIR,0.027,40.9995,83.61574999999999,D,AMERICAN FAMILY RADIO,,"Soaring Eagle Promotions, Inc.",Religious Teaching,
89.1,W206BX,FREMONT,OH,DRL,0.055,41.366166666666665,83.08880555555555,D,YES FM,,"SIDE BY SIDE, INC.",Christian Rock,
89.1,W206CH,HINCKLEY,OH,NDIR,0.01,41.24433333333334,81.69805555555556,D,K-LOVE,,EDUCATIONAL MEDIA FOUNDATION,Contemporary Christian,Cleveland
89.3,W207CC,NEW PHILADELPHIA,OH,NDIR,0.027,40.483111111111114,81.47594444444445,D,BIBLE BROADCASTING NETWORK,67.0,"BIBLE BROADCASTING NETWORK, INC.",Religious Teaching,
89.9,W210BG,ASHLAND,OH,DRL,0.08,40.840611111111116,82.35711111111111,D,BIBLE BROADCASTING NETWORK,,"BIBLE BROADCASTING NETWORK, INC.",Religious Teaching,
90.1,W211BT,ATHENS,OH,NDIR,0.038,39.31122222222222,82.11952777777778,D,RADIO U,,"Board of Education, Akron City School District",Christian Rock,
90.3,W212BM,JACKSON,OH,NDIR,0.038,39.02311111111111,82.66125000000001,D,ST. GABRIEL RADIO,74.0,EDUCATIONAL MEDIA FOUNDATION,Religious Teaching,
90.7,W214CD,WADSWORTH,OH,NDIR,0.01,41.06477777777778,81.58288888888889,D,K-LOVE,,EDUCATIONAL MEDIA FOUNDATION,Contemporary Christian,Akron
90.9,W215BC,STEUBENVILLE,OH,DRL,0.01,40.35172222222222,80.65619444444445,D,REJOICE RADIO,,"PRIORITY RADIO, INC.",Religious Teaching,
91.1,W216AH,ASHLAND,OH,NDIR,0.25,40.853944444444444,82.2785,D,RISE FM,-0.7,"SOARING EAGLE PROMOTIONS, INC.",Contemporary Christian,
91.1,W216AU,MARTINS FERRY,OH,NDIR,0.019,40.10977777777778,80.72755555555555,D,AMERICAN FAMILY RADIO,51.0,AMERICAN FAMILY ASSOCIATION,Religious Teaching,Wheeling
91.5,W218BL,WILLARD,OH,NDIR,0.055,41.035333333333334,82.70877777777778,D,TOTAL PRAISE - WVMC-FM,24.9,"BIBLE BROADCASTING NETWORK, INC.",Contemporary Christian,
91.5,W218CP,WOOSTER,OH,NDIR,0.038,40.82811111111111,81.87041666666666,D,BIBLE BROADCASTING NETWORK,51.3,"BIBLE BROADCASTING NETWORK, INC.",Religious Teaching,
91.7,W219AZ,GALLIPOLIS,OH,DRL,0.05,38.80533333333333,82.22652777777778,D,MOODY RADIO,60.0,THE MOODY BIBLE INSTITUTE OF CHICAGO,Religious Teaching,
91.7,W219DS,FINDLAY,OH,NDIR,0.027,41.069500000000005,83.62716666666665,D,K-LOVE,84.3,EDUCATIONAL MEDIA FOUNDATION,Contemporary Christian,
92.3,W222CE,COSHOCTON,OH,NDIR,0.1,40.25227777777778,81.87538888888888,D,CLEAN AIR CHRISTIAN RADIO NETWORK,,CLYDE EDUCATIONAL BROADCASTING FOUNDATION,Religious Teaching,
92.5,W223CF,MANSFIELD,OH,NDIR,0.038,40.722,82.531,D,RADIO U,,"SPIRIT COMMUNICATIONS, INC.",Christian Rock,
92.7,W224BO,WEST UNION,OH,NDIR,0.01,38.785333333333334,83.54655555555556,D,ST. GABRIEL RADIO,107.3,EDUCATIONAL MEDIA FOUNDATION,Religious Teaching,
92.7,W224BR,CHILLICOTHE,OH,DRL,0.25,39.33116666666667,82.99683333333333,D,,,iHeartMedia,Talk,
92.7,W224CD,PARMA,OH,DRL,0.099,41.38283333333333,81.70180555555555,D,AIR 1,278.9,EDUCATIONAL MEDIA FOUNDATION,Contemporary Christian,Cleveland
92.9,W225AM,TOLEDO,OH,NDIR,0.144,41.647,83.60494444444444,D,NEWS RADIO 1370/92.9 WSPD,,EDUCATIONAL MEDIA FOUNDATION,Talk/Sports,Toledo
92.9,W225CM,DELAWARE,OH,DRL,0.25,40.299166666666665,83.04583333333333,D,CD 92.9,,"DELMAR COMMUNICATIONS, INC.",Adult Alternative,"Columbus, OH"
92.9,W225CS,COLUMBUS,OH,DRL,0.25,39.96113888888889,83.00083333333333,D,CD 92.9,,"ICS COMMUNICATIONS, INC.",Adult Alternative,"Columbus, OH"
92.9,W225DG,NORWALK,OH,DRL,0.24,41.28033333333333,82.65711111111112,D,92.9 WLKR CLASSIC,,ELYRIA-LORAIN BROADCASTING CO.,Classic Hits,
93.3,W227BJ,TIFFIN,OH,NDIR,0.25,41.112972222222226,83.18052777777778,D,OLDIES WTTF AM 1600 & FM 93.3,,"BAS BROADCASTING, INC.",Oldies,
93.5,W228EL,AKRON,OH,DRL,0.25,41.06477777777778,81.58288888888889,D,SOFT HITS 93.5,,"RUBBER CITY RADIO GROUP, INC.",Soft AC,Akron
93.5,W228EN,SANDUSKY,OH,DRL,0.25,41.33097222222222,82.59902777777778,D,WLEC 1450,,"BAS BROADCASTING, INC.",Adult Standards,
94.1,W231AJ,FINDLAY,OH,NDIR,0.05,41.02311111111111,83.65633333333334,D,THE CLEAN AIR RADIO NETWORK,47.0,CLYDE EDUCATIONAL BROADCASTING FOUND,Religious Teaching,
94.1,W231AZ,SIDNEY,OH,NDIR,0.027,40.33727777777778,84.13077777777777,D,K-LOVE,81.8,EDUCATIONAL MEDIA FOUNDATION,Contemporary Christian,
94.1,W231BY,BELLEFONTAINE,OH,NDIR,0.01,40.37061111111111,83.72719444444445,D,K-LOVE,,EDUCATIONAL MEDIA FOUNDATION,Contemporary Christian,
94.1,W231CQ,ATHENS,OH,NDIR,0.013,39.355361111111115,82.09069444444444,D,K-LOVE,,EDUCATIONAL MEDIA FOUNDATION,Contemporary Christian,
94.1,W231EF,TOLEDO,OH,DRL,0.14,41.64686111111111,83.60491666666667,D,RELEVANT RADIO,,"Relevant Radio, Inc.",Religious Teaching,Toledo
94.1,W231EG,COLUMBUS,OH,DRL,0.25,39.971111111111114,83.02777777777777,D,STAR 94.1,,"NORTH AMERICAN BROADCASTING COMPANY, INC.",Adult Contemporary,"Columbus, OH"
94.3,W232CM,WAUSEON,OH,DRL,0.13,41.55811111111111,84.1855,D,THE BUCK,,"NOBCO, INC.",Country,Toledo
94.3,W232CQ,CAMBRIDGE,OH,NDIR,0.013,39.96841666666667,81.51844444444444,D,CHRISTIAN INFORMATION RADIO,,"VCY AMERICA, INC.",Religious Teaching,
94.5,W233AK,ZANESVILLE,OH,NDIR,0.003,39.94866666666666,81.96319444444445,D,105.9 & 94.5 THE MIX,60.0,"PERRY COUNTY BROADCASTING COMPANY,INC.",Hot AC,
94.5,W233BG,CINCINNATI,OH,DRL,0.099,39.11644444444445,84.50188888888889,D,,235.8,iHeartMedia,Talk,Cincinnati
94.5,W233CE,CANTON,OH,NDIR,0.21,40.83422222222222,81.43011111111112,D,LIVING BREAD RADIO,,"LIVING BREAD RADIO, INC.",Religious Teaching,Canton
94.5,W233CG,CLEVELAND,OH,DRL,0.25,41.513333333333335,81.60111111111111,D,PRAISE 94.5,,"Blue Chip Broadcasting Licenses, Ltd.",Urban Gospel,Cleveland
94.7,W234CH,GIRARD,OH,DRL,0.16,41.0565,80.64527777777778,D,STAR 94.7,,Bloom Broadcasting LLC,Urban AC,Youngstown-Warren
94.7,W234CX,MANSFIELD,OH,NDIR,0.038,40.79061111111111,82.50627777777778,D,NPR & CLASSICAL MUSIC,,KENT STATE UNIVERSITY,News/Talk/Classical,
94.7,W234DO,PAINESVILLE,OH,NDIR,0.05,41.73961111111111,81.23480555555555,D,,,"RADIO ADVANTAGE ONE, LLC",Gospel Music,Cleveland
94.9,W235BH,PERRYSBURG,OH,NDIR,0.099,41.647,83.60494444444444,D,94.9 THE BEAT,,iHeartMedia,Rhythm And Blues,Toledo
94.9,W235BX,Toronto,OH,DRL,0.05,40.44522222222222,80.62777777777777,D,RIVER TALK 94.9 - 100.9 - 1430,36.0,"FM Radio Licenses, LLC",Talk/Sports,
95.3,W237FL,CINCINNATI,OH,NDIR,0.002,39.10219444444444,84.52511111111112,D,WDJO 99.5 FM/107.9 FM/1480 AM,,"MUSTANG MEDIA, INC.",Oldies,Cincinnati
95.5,W238BJ,AUBURN,OH,NDIR,0.07,39.35305555555556,84.32888888888888,D,AIR1,114.9,EDUCATIONAL MEDIA FOUNDATION,Contemporary Christian,Cincinnati
95.5,W238CX,FINDLAY,OH,NDIR,0.25,41.02311111111111,83.65633333333334,D,WFIN 1330 - 95.5,,"BLANCHARD RIVER BROADCASTING COMPANY, INC.",Talk/Sports,
95.7,W239AZ,ASHLAND,OH,NDIR,0.08,40.86088888888889,82.27961111111111,D,NPR & CLASSICAL MUSIC,22.1,KENT STATE UNIVERSITY,News/Talk/Classical,
95.7,W239CQ,PORTSMOUTH,OH,NDIR,0.25,38.722861111111115,82.99877777777778,D,SPORTSMOUTH 1260,,"Total Media Group, Inc.",Sports,Huntington-Ashland
95.9,W240CX,COLUMBUS,OH,NDIR,0.099,39.93727777777777,83.02102777777777,D,95.9 THE FISH,209.0,"SALEM MEDIA OF OHIO, INC.",Christian Rock,"Columbus, OH"
95.9,W240DZ,WAVERLY,OH,NDIR,0.25,39.215611111111116,82.9785,D,OHIO`S GOSPEL GIANT,,"Total Media Group, Inc.",Southern Gospel,
96.5,W243DP,BRYAN,OH,NDIR,0.25,41.47811111111111,84.57827777777777,D,THE Q 96.5,,"IMPACT RADIO, LLC",Classic Hits,
96.7,W244DV,MARYSVILLE,OH,DRL,0.25,40.261694444444444,83.27336111111111,D,MY 96.7,,"DELMAR COMMUNICATIONS, INC.",Classic Hits,"Columbus, OH"
96.9,W245AJ,FOREST PARK,OH,DRL,0.25,39.11644444444445,84.50188888888889,D,K-LOVE,226.8,EDUCATIONAL MEDIA FOUNDATION,Contemporary Christian,Cincinnati
96.9,W245CY,CLEVELAND,OH,DRL,0.04,41.442277777777775,81.49122222222222,D,THE WORD,,SALEM COMMUNICATIONS HOLDING CORPORATION,Religious Teaching,Cleveland
97.1,W246CQ,DAYTON,OH,NDIR,0.01,39.569750000000006,84.18616666666667,D,AIR1,,EDUCATIONAL MEDIA FOUNDATION,Contemporary Christian,Cincinnati
97.3,W247BL,MANSFIELD,OH,DRL,0.25,40.76394444444445,82.61766666666666,D,97.3 THE SPUR,151.1,GSM MEDIA CORPORATION,Country,
97.3,W247DR,ATHENS,OH,NDIR,0.25,39.35505555555556,82.09208333333333,D,MIX 97.3,94.1,"Total Media Group, Inc.",Adult Contemporary,
97.5,W248BT,FINDLAY,OH,NDIR,0.038,41.069500000000005,83.62716666666665,D,NEW VISION FM,62.3,"KAYSER BROADCAST MINISTRIES, INC.",Contemporary Christian/Religious Teaching,
97.7,W249EE,WARREN,OH,DRL,0.035,41.056555555555555,80.64536111111111,D,REAL TALK 1540 WYOH,,"SAGITTARIUS COMMINCATIONS, LLC",Talk,Youngstown-Warren
98.1,W251BC,PIQUA,OH,DRL,0.25,40.14033333333333,84.26855555555555,D,CLASSIC HITS 1570,,"MUZZY BROADCASTING, LLC",Classic Hits,Dayton
98.3,W252AY,MARBLE CLIFF,OH,DRL,0.25,40.01427777777778,82.98863888888889,D,,14.6,The Neighborhood Network,Variety,"Columbus, OH"
98.5,W253CF,ZANESVILLE,OH,NDIR,0.25,39.96366666666667,81.96372222222223,D,NASH ICON 107.9 & 98.5,,"AVC COMMUNICATIONS, INC.",Country,
98.5,W253CM,LIMA,OH,NDIR,0.25,40.74019444444445,84.10558333333333,D,98.5 THE LEGEND,,WOOF BOOM RADIO OF LIMA LLC,Country,Lima-Van Wert
98.7,W254BA,DAYTON,OH,DRL,0.25,39.825694444444444,84.14972222222222,D,THE SOUL OF DAYTON,,BRADLEE J. BEER,Urban Oldies,Dayton
98.7,W254BJ,SPRINGFIELD,OH,NDIR,0.01,39.961666666666666,83.86805555555554,D,RADIO U,,"SPIRIT COMMUNICATIONS, INC.",Christian Rock,Dayton
98.7,W254CD,FINDLAY,OH,NDIR,0.049,41.07169444444445,83.66075000000001,D,GOOD NEWS RADIO,55.0,"ASSOCIATED CHRISTIAN BROADCASTERS, INC.",Religious Teaching,
98.7,W254CT,NEWARK,OH,NDIR,0.25,40.033944444444444,82.40208333333334,D,,,WCLT RADIO INC.,Soft AC,"Columbus, OH"
98.9,W255CW,LORAIN,OH,NDIR,0.09,41.430027777777774,82.15180555555555,D,KOOL KAT OLDIES 98.9 FM / 1380 AM,,"WDLW RADIO, INC.",Oldies,Cleveland
99.1,W256BT,CLEVELAND,OH,DRL,0.25,41.38388888888889,81.69527777777778,D,THROWBACK 99.1,253.9,iHeartMedia,Rhythmic Oldies,Cleveland
99.3,W257AB,MARION,OH,NDIR,0.05,40.58213888888889,83.12741666666666,D,104.9 THE RIVER,56.0,EDUCATIONAL MEDIA FOUNDATION,Contemporary Christian,
99.3,W257CU,COLUMBUS,OH,DRL,0.085,39.93727777777777,83.02102777777777,D,AIR1,233.0,EDUCATIONAL MEDIA FOUNDATION,Contemporary Christian,"Columbus, OH"
99.3,W257CV,BUTLER,OH,DRL,0.25,40.76394444444445,82.61766666666666,D,99.3 THE LIGHT,157.1,GSM MEDIA CORPORATION,Contemporary Christian,
99.3,W257EQ,LOGAN,OH,NDIR,0.25,39.52894444444444,82.45347222222223,D,THE WOLF,,WLOH RADIO COMPANY,Country,
99.5,W258AI,DAYTON,OH,NDIR,0.08,39.73588888888889,84.1696388888889,D,FLYER RADIO,31.8,UNIVERSITY OF DAYTON,Adult Alternative,Dayton
99.5,W258BT,PERRYSBURG,OH,DRL,0.25,41.61672222222222,83.62133333333333,D,CSN INTERNATIONAL,,CSN INTERNATIONAL,Religious Teaching,Toledo
99.5,W258CE,FINDLAY,OH,NDIR,0.25,41.03561111111111,83.643,D,FAMILY FRIENDLY - COMMERCIAL FREE,27.4,"TAYLOR UNIVERSITY BROADCASTING, INC.",Contemporary Christian/Religious Teaching,
99.5,W258CI,CINCINNATI,OH,DRL,0.15,39.10505555555556,84.55688888888889,D,WDJO 99.5 FM/107.9 FM/1480 AM,,KEVIN J. YOUNGERS,Oldies,Cincinnati
99.7,W259BW,CANTON,OH,DRL,0.25,40.82277777777778,81.42777777777778,D,99.7 CANTON'S NEW COUNTRY,,iHeartMedia,Country,Canton
99.7,W259DI,YOUNGSTOWN,OH,DRL,0.2,41.0565,80.64527777777778,D,,,KINGSTRUST LLC,Religious Teaching,Youngstown-Warren
99.9,W260DF,ATHENS,OH,DRL,0.028,39.340333333333334,82.10125,D,,,"Total Media Group, Inc.",Sports,
100.3,W262BG,XENIA,OH,NDIR,0.25,39.71505555555556,83.92991666666667,D,REAL ROOTS RADIO,89.2,"TOWN AND COUNTRY BROADCASTING, INC.",Country,Dayton
100.3,W262DC,CELINA,OH,NDIR,0.25,40.55291666666666,84.51725,D,WE DO IT FOR YOU,,"Buzzards Media, LLC",Adult Standards,Lima-Van Wert
100.3,W262DM,ELYRIA,OH,DRL,0.025,41.2695,82.00430555555556,D,WEOL AM 930 - 100.3 FM,,ELYRIA-LORAIN BROADCASTING CO.,News/Talk/Sports,Cleveland
100.5,W263AX,CIRCLEVILLE,OH,NDIR,0.075,39.51811111111111,83.02047222222222,D,RADIO U,42.6,"Spirit Communications, Inc.",Christian CHR,"Columbus, OH"
100.7,W264AK,TOLEDO,OH,NDIR,0.082,41.647,83.60494444444444,D,THE TICKET,108.1,Cumulus Media,Sports,Toledo
100.7,W264BW,NORWOOD,OH,DRL,0.25,39.11638888888889,84.50194444444445,D,THE LUNATIC FRINGE OF AMERICAN FM,235.7,EDUCATIONAL MEDIA FOUNDATION,Rock,Cincinnati
100.9,W265DJ,MOUNT VERNON,OH,NDIR,0.25,40.404444444444444,82.43794444444445,D,,,"BAS BROADCASTING, INC.",Unknown,
100.9,W265DL,DOVER-NEW PHILADELPH,OH,NDIR,0.25,40.51283333333333,81.45677777777779,D,WJER 1450 AM AND 100.9 FM,,"WJER, LLC",Adult Contemporary,
101.1,W266BG,DAYTON,OH,DRL,0.099,39.73394444444445,84.248,D,THE EAGLE 95.3-101.1,,BRADLEE J BEER,Classic Rock,Dayton
101.1,W266CJ,BEACHWOOD,OH,DRL,0.25,41.442277777777775,81.49122222222222,D,,,"iHM Licenses, LLC",Rock,Cleveland
101.3,W267CQ,MARIETTA,OH,DRL,0.25,39.41925,81.47622222222222,D,WMOA LOCAL RADIO 1490 - 101.3,,"JAWCO, INC.",Soft AC,
101.5,W268CC,HILLSBORO,OH,NDIR,0.25,39.16611111111111,83.60694444444444,D,HILLSBORO'S OWN,,iHeartMedia,Classic Hits,
101.5,W268CM,CINCINNATI,OH,NDIR,0.099,39.122,84.54772222222222,D,LA GRANDE 101.5,,"BLUE CHIP BROADCASTING LICENSES, LTD.",Regional Mexican,Cincinnati
101.5,W268CO,WILLOUGHBY,OH,NDIR,0.25,41.591722222222224,81.35094444444444,D,INTEGRITY RADIO 101.5 FM-1330 AM,,SPIRIT BROADCASTING LLC,Talk,Cleveland
101.9,W270AP,MARION,OH,NDIR,0.12,40.58838888888889,83.13738888888889,D,HOPE 100.7,36.7,WORLD EVANGELISTIC ENTERPRISE CORPORATION,Contemporary Christian,
101.9,W270CI,UHRICHSVILLE,OH,NDIR,0.25,40.42388888888889,81.36277777777777,D,THE TUSK,,WBTC Radio LLC,Classic Hits,
101.9,W270CL,FOSTORIA,OH,NDIR,0.055,41.153638888888885,83.42630555555556,D,NEW VISION FM,52.6,"KAYSER BROADCAST MINISTRIES, INC.",Contemporary Christian/Religious Teaching,
101.9,W270DW,CIRCLEVILLE,OH,DRL,0.25,39.61972222222222,82.87333333333332,D,THE WOLF,,WLOH Radio Company,Country,"Columbus, OH"
102.1,W271AO,MOUNT VERNON,OH,NDIR,0.055,40.37083333333334,82.46805555555555,D,RADIO U,38.4,"SPIRIT COMMUNICATIONS, INC.",Christian CHR + Rock,
102.3,W272BY,CINCINNATI,OH,DRL,0.087,39.11644444444445,84.50188888888889,D,102.3 THE BEAT,,iHeartMedia,Urban Contemporary,Cincinnati
102.3,W272DR,DREXEL,OH,DRL,0.1,39.74025,84.28766666666667,D,THE REAL RHYTHM OF THE CITY,,"JOHNSON BROADCAST PROPERTIES, INC.",Urban AC,Dayton
102.3,W272EE,ZANESVILLE,OH,DRL,0.25,39.92833333333333,81.98527777777778,D,WHIZ 1240 AM - THE VOICE,,"Marquee Broadcasting Ohio, Inc.",Talk/Sports,
102.3,W272EI,YOUNGSTOWN,OH,DRL,0.099,41.08016666666667,80.64011111111112,D,LOUD 102.3,,OVER/UNDER LLC,Rhythmic CHR,Youngstown-Warren
102.5,W273BL,AKRON,OH,NDIR,0.074,41.06477777777778,81.58288888888889,D,AIR1,279.0,EDUCATIONAL MEDIA FOUNDATION,Contemporary Christian,Akron
102.5,W273BQ,DAYTON,OH,NDIR,0.027,39.88027777777778,84.06555555555555,D,RADIO U,72.2,"SPIRIT COMMUNICATIONS, INC.",Christian CHR + Rock,Dayton
102.7,W274CG,COSHOCTON,OH,NDIR,0.25,40.275083333333335,81.82708333333333,D,TODAY`S COUNTRY,,COSHOCTON BROADCASTING COMPANY,Country,
102.9,W275CT,SOMERSET,OH,DRL,0.25,39.728861111111115,82.22305555555556,D,THE WOLF,,WLOH RADIO COMPANY,Country,
103.1,W276DD,CINCINNATI,OH,DRL,0.075,39.11644444444445,84.50188888888889,D,INSPIRATION 1050/103.1,,"RADIO BY GRACE, INC.",Urban Gospel,Cincinnati
103.3,W277AO,ENON,OH,DRL,0.25,39.892833333333336,83.91550000000001,D,K-LOVE,,,Contemporary Christian,Dayton
103.3,W277BI,TOLEDO,OH,NDIR,0.16,41.644666666666666,83.70516666666667,D,SMILE FM MICHIGAN'S POSITIVE HITS,,"Toledo FM, LLC",Contemporary Christian,Toledo
103.3,W277BV,ZANESVILLE,OH,NDIR,0.019,39.93936111111111,82.03677777777777,D,RADIO U,89.7,Strong Tower Christian Media,Christian CHR + Rock,
103.3,W277CX,LOGAN,OH,NDIR,0.25,39.52861111111111,82.385,D,103.3 LGN FM,,WLGN Radio Company,Classic Hits,
103.7,W279BB,URBANA,OH,NDIR,0.013,40.051111111111105,83.76972222222223,D,K-LOVE,78.4,EDUCATIONAL MEDIA FOUNDATION,Contemporary Christian,
103.7,W279BR,GREENVILLE,OH,NDIR,0.12,40.091166666666666,84.63994444444445,D,K-LOVE,,EDUCATIONAL MEDIA FOUNDATION,Contemporary Christian,
103.7,W279BT,CLEVELAND,OH,NDIR,0.25,41.442277777777775,81.49122222222222,D,K-LOVE,188.6,EDUCATIONAL MEDIA FOUNDATION,Contemporary Christian,Cleveland
103.7,W279CE,MIDDLEPORT,OH,NDIR,0.23,39.058416666666666,82.04180555555556,D,,99.5,"Total Media Group, Inc.",Sports,
103.9,W280FL,EAST LIVERPOOL,OH,DRL,0.18,40.629777777777775,80.60202777777778,D,99 THE PICKLE CLASSIC HITS,,Forever Media,Classic Hits,
103.9,W280FZ,NELSONVILLE,OH,DRL,0.25,39.460638888888894,82.21902777777778,D,AREA INSPIRATION STATION,,"NELSONVILLE TV CABLE, INC.",Soft Christian Contemporary,
104.1,W281AL,HARBOR VIEW,OH,NDIR,0.019,41.71438888888889,83.50616666666667,D,K-LOVE,,EDUCATIONAL MEDIA FOUNDATION,Contemporary Christian,Toledo
104.3,W282CD,DAYTON,OH,NDIR,0.25,39.82563888888889,84.14977777777779,D,TRI-STATES POWER & LIGHT STATION,,"L & D BROADCASTERS, INC.,",Southern Gospel/Religious Teaching,Dayton
104.3,W282CF,VAN WERT,OH,NDIR,0.25,40.872277777777775,84.55355555555555,D,UNFORGETTABLE 1220,,"FIRST FAMILY BROADCASTING, INC.",Adult Standards,Lima-Van Wert
104.5,W283BO,LANCASTER,OH,NDIR,0.25,39.73588888888889,82.59736111111111,D,THE WOLF,,WLOH RADIO COMPANY,Country,
104.5,W283CL,COLUMBUS,OH,DRL,0.25,39.93727777777777,83.02102777777777,D,THE WORD 880 - 104.5 FM WRFD,,"SALEM MEDIA OF OHIO, INC.",Religious Teaching,"Columbus, OH"
104.7,W284CH,NEWARK,OH,NDIR,0.25,40.033944444444444,82.40208333333334,D,104.7 THE BIG LICK,,WCLT RADIO INC.,Rock,"Columbus, OH"
105.1,W286AB,KENTON,OH,NDIR,0.05,40.64252777777778,83.58574999999999,D,GOOD NEWS RADIO,40.0,"ASSOCIATED CHRISTIAN BROADCASTERS, INC.",Religious Teaching,Lima-Van Wert
105.3,W287CL,LANCASTER,OH,NDIR,0.25,39.73588888888889,82.59736111111111,D,93.3 THE BUS,,EDUCATIONAL MEDIA FOUNDATION,Adult Hits,
105.3,W287CP,COLUMBUS,OH,DRL,0.099,39.971111111111114,83.02777777777777,D,THROWBACK 105.3,,iHeartMedia,Classic Hip-Hop,"Columbus, OH"
105.3,W287CZ,JACKSON,OH,NDIR,0.25,39.02925,82.59738888888889,D,FOX SPORTS 1330 AND 105.3 FM,,"Total Media Group, Inc.",Sports,
105.3,W287DQ,CLEVELAND,OH,NDIR,0.18,41.44725,81.59066666666666,D,AIR 1,,"RADIO.COM, LLC",Contemporary Christian,Cleveland
105.5,W288CT,NEWARK,OH,NDIR,0.055,40.05116666666667,82.47488888888888,D,RADIO U,,"SPIRIT COMMUNICATIONS, INC.",Christian CHR + Rock,"Columbus, OH"
105.5,W288DJ,EATON,OH,NDIR,0.25,39.74838888888889,84.58383333333333,D,REAL ROOTS RADIO,,"TOWN AND COUNTRY BROADCASTING, INC.",Country,Dayton
105.7,W289CP,FOSTORIA,OH,NDIR,0.25,41.15783333333333,83.41352777777779,D,ESPN RADIO 1320 AM 105.7 FM,,"TCB HOLDINGS, INC.",Sports,
105.9,W290BA,BOWLING GREEN,OH,NDIR,0.055,41.349222222222224,83.60411111111111,D,K-LOVE,51.7,EDUCATIONAL MEDIA FOUNDATION,Contemporary Christian,Toledo
106.1,W291BV,SOLON,OH,DRL,0.2,41.37916666666667,81.71972222222223,D,REAL 106.1,,iHeartMedia,Urban Contemporary,Cleveland
106.3,W292CO,MIDDLETOWN,OH,DRL,0.25,39.27333333333333,84.52694444444444,D,THE LUNATIC FRINGE OF AMERICAN FM,203.1,EDUCATIONAL MEDIA FOUNDATION,Rock,Cincinnati
106.3,W292EA,NEWARK,OH,NDIR,0.013,40.033944444444444,82.40208333333334,D,CENTRAL OHIO'S NPR STATION,98.5,BD. OF EDUC. CITY SCHOOL DISTRICT,Variety,"Columbus, OH"
106.7,W294CK,MANSFIELD,OH,NDIR,0.25,40.76394444444445,82.61766666666666,D,ESPN RADIO 106.7,,GSM MEDIA CORPORATION,Sports,
106.7,W294CN,NEW BOSTON,OH,NDIR,0.106,38.72263888888889,83.00141666666667,D,MUSIC OF YOUR LIFE,,"MAILLET MEDIA, INC",Adult Standards,Huntington-Ashland
106.7,W294CQ,WILMINGTON,OH,NDIR,0.25,39.43672222222222,83.85519444444444,D,REAL ROOTS RADIO,,"TOWN AND COUNTRY BROADCASTING, INC.",Country,
106.9,W295CI,URBANA,OH,DRL,0.25,40.10366666666667,83.71575,D,THE BULL 1390 AM AND 106.9 FM,,"V-TECK COMMUNICATIONS, INC.",Country,
106.9,W295DB,BOWLING GREEN,OH,NDIR,0.25,41.53283333333333,83.56661111111111,D,THE SONLIFE RADIO NETWORK,,"FAMILY WORSHIP CENTER CHURCH, INC.",Religious Teaching,Toledo
106.9,W295DE,CLEVELAND,OH,DRL,0.146,41.37916666666667,81.71975,D,NEWSRADIO WTAM 1100,,iHeartMedia,News/Talk,Cleveland
107.3,W297BP,BELLEFONTAINE,OH,DRL,0.25,40.36811111111111,83.73383333333334,D,MIX 98.3,,"V-TECK COMMUNICATIONS, INC.",Hot AC,
107.5,W298CC,BUCYRUS,OH,NDIR,0.25,40.763666666666666,82.93325,D,COUNTRY LEGENDS 1540 AM/107.5 FM,,"FRANKLIN COMMUNICATIONS, INC.",Country,
107.5,W298CX,YOUNGSTOWN,OH,DRL,0.15,41.0565,80.64527777777778,D,RELEVANT RADIO,,"RELEVANT RADIO, INC.",Religious Teaching,Youngstown-Warren
107.7,W299CG,NEWARK,OH,NDIR,0.25,40.05061111111111,82.46766666666667,D,BUCKEYE COUNTRY 107.7,,"RUNNYMEDE, INC.",Country,"Columbus, OH"
107.7,W299CJ,OBERLIN,OH,DRL,0.25,41.268,82.21047222222222,D,TODAY`S COUNTRY 1320 AM & 107.7 FM,,"WOBL RADIO, INC.",Country,Cleveland
107.9,W300CB,CAMBRIDGE,OH,NDIR,0.25,40.03952777777778,81.6465,D,NASH ICON 107.9 & 98.5,,"AVC COMMUNICATIONS, INC.",Country,
107.9,W300CI,CINCINNATI,OH,DRL,0.25,39.043388888888884,84.4816111111111,D,WDJO 99.5 FM/107.9 FM/1480 AM,,MARY MEDICUS,Oldies,Cincinnati
101.3,WAGX,MANCHESTER,OH,NDIR,3.0,38.60088888888889,83.67269444444445,A,THE GREATEST HITS OF ALL TIME,91.0,JEWELL SCHAEFFER BROADCASTING CO.,Classic Hits,
88.3,WAIF,CINCINNATI,OH,NDIR,1.6,39.12672222222222,84.48494444444445,A,,120.0,"THE REAL STEPCHILD RADIO OF CINCINNATI, INC. #1",Variety,Cincinnati
96.5,WAKS,AKRON,OH,NDIR,31.0,41.280611111111114,81.6226111111111,B,KISS 96.5,189.0,iHeartMedia,Contemporary Hit Radio,Cleveland
106.1,WAKT-LP,TOLEDO,OH,NDIR,0.095,41.63744444444444,83.54827777777777,LP100,,9.630056,"TOLEDO INTEGRATED MEDIA EDUCATION, INC.",Variety,Toledo
93.3,WAKW,CINCINNATI,OH,DRL,50.0,39.205333333333336,84.55633333333333,B,STAR 93.3,150.0,Pillar of Fire,Contemporary Christian/Religious Teaching,Cincinnati
99.5,WAOL,RIPLEY,OH,NDIR,13.0,38.648694444444445,84.01158333333333,C3,99.5 THE EDGE,140.0,"DREAMCATCHER COMMUNICATIONS, INC.",Hot AC,
90.5,WAOM,MOWRYSTOWN,OH,NDIR,1.3,39.030055555555556,83.79769444444445,A,,54.0,"GOD'S FINAL CALL & WARNING, INC.",Religious Teaching,
91.3,WAPS,AKRON,OH,DRL,2.0,41.06477777777778,81.58288888888889,A,THE SUMMIT,106.0,"BOARD OF EDUCATION, AKRON CITY SCHOOL DISTRICT",Adult Alternative,Akron
91.9,WARD,NEW PARIS,OH,NDIR,0.7,39.86830555555556,84.79713888888888,A,AIR1,45.0,EDUCATIONAL MEDIA FOUNDATION,Soft Christian Contemporary,Dayton
88.3,WAUI,SHELBY,OH,NDIR,0.7,40.76394444444445,82.61766666666666,A,AMERICAN FAMILY RADIO,139.0,AMERICAN FAMILY ASSOCIATION,Religious Teaching,
106.1,WBBG,NILES,OH,OTS,3.0,41.2645,80.7595,A,106.1 THE BULL,100.0,iHeartMedia,Country,Youngstown-Warren
88.1,WBCJ,SPENCERVILLE,OH,NDIR,3.1,40.711444444444446,84.38327777777778,A,FAMILY FRIENDLY - COMMERCIAL FREE,143.0,"TAYLOR UNIVERSITY BROADCASTING, INC.",Contemporary Christian/Religious Teaching,Lima-Van Wert
89.5,WBCY,ARCHBOLD,OH,DRL,20.0,41.483111111111114,84.28272222222222,B1,FAMILY FRIENDLY - COMMERCIAL FREE,96.0,"TAYLOR UNIVERSITY BROADCASTING, INC.",Contemporary Christian/Religious Teaching,
88.1,WBGU,BOWLING GREEN,OH,NDIR,0.75,41.37166666666667,83.64150000000001,A,THE VOICE OF BOWLING GREEN,42.0,BOWLING GREEN STATE UNIVERSITY,Variety,Toledo
91.5,WBIE,DELPHOS,OH,NDIR,5.5,40.94672222222222,84.25661111111111,A,AMERICAN FAMILY RADIO,98.0,AMERICAN FAMILY ASSOCIATION,Religious Teaching,Lima-Van Wert
92.1,WBIK,PLEASANT CITY,OH,NDIR,6.0,40.027027777777775,81.55233333333334,A,ROCK 92.1,51.6,"AVC COMMUNICATIONS, INC.",Classic Rock,
88.9,WBJV,STEUBENVILLE,OH,NDIR,0.125,40.365611111111114,80.72647222222223,A,AMERICAN FAMILY RADIO,78.0,AMERICAN FAMILY ASSOCIATION,Religious Teaching,
93.9,WBKS,COLUMBUS GROVE,OH,NDIR,14.0,40.956722222222226,84.13216666666666,B1,KISS 93.9 FM TITLE & ARTIST,133.0,iHeartMedia,Contemporary Hit Radio,Lima-Van Wert
100.9,WBNO-FM,BRYAN,OH,NDIR,6.0,41.47811111111111,84.57827777777777,A,B  ROCK 100.9,89.0,"IMPACT RADIO, LLC",Classic Rock,
97.1,WBNS-FM,COLUMBUS,OH,OTS,20.5,39.97116666666667,83.02766666666666,B,SPORTS RADIO 97.1 THE FAN,238.0,"RADIOHIO, INCORPORATED",Sports,"Columbus, OH"
93.5,WBNV,BARNESVILLE,OH,NDIR,2.5,39.902833333333334,81.21008333333333,A,YOUR AT WORK STATION 93 BNV,149.0,"AVC COMMUNICATIONS, INC.",Adult Contemporary,Wheeling
106.3,WBUK,OTTAWA,OH,OTS,1.4,40.95586111111111,83.91158333333334,A,THE FOX,149.0,THE BLANCHARD RIVER BROADCASTING COMPANY,Classic Rock,Lima-Van Wert
97.1,WBVB,COAL GROVE,OH,NDIR,3.0,38.42422222222222,82.53430555555555,A,B 97,144.0,iHeartMedia,Classic Hits,Huntington-Ashland
96.7,WBVI,FOSTORIA,OH,NDIR,3.0,41.10005555555556,83.47547222222222,A,CLASSIC HITS 96.7,88.0,"TCB HOLDINGS, INC.,  C/O ROPPE CORPORATION",Classic Hits,
88.3,WBWC,BEREA,OH,DRL,4.0,41.41811111111111,81.90069444444445,A,88.3 THE STING,78.0,BALDWIN WALLACE UNIVERSITY,Adult Alternative,Cleveland
96.1,WBWH-LP,BLUFFTON,OH,NDIR,0.066,40.896972222222225,83.90269444444445,LP100,,37.0,BLUFFTON COLLEGE,Variety,Lima-Van Wert
90.5,WCBE,COLUMBUS,OH,NDIR,11.0,39.96222222222222,83.00222222222222,B,CENTRAL OHIO'S NPR STATION,161.9,"BD.OF EDUC., CITY SCH.DIST., COLUMBUS",Variety,"Columbus, OH"
105.9,WCBV-LP,LIMA,OH,NDIR,0.093,40.73725,84.16244444444445,LP100,,30.824217,CALVARY BIBLE CHURCH,Religious Teaching,Lima-Van Wert
106.3,WCDK,CADIZ,OH,NDIR,2.7,40.25394444444444,80.8428611111111,A,THE RIVER,151.0,"OHIO MIDLAND NEWSGROUP, LLC",Classic Rock,
96.1,WCFI-LP,CUYAHOGA FALLS,OH,NDIR,0.018,41.14394444444444,81.50066666666666,LP100,,69.046181,CITY OF CUYAHOGA FALLS,Variety,Akron
99.9,WCHD,KETTERING,OH,NDIR,28.0,39.722,84.20911111111111,B,CHANNEL 999,200.0,iHeartMedia,Contemporary Hit Radio,Dayton
105.5,WCHO-FM,WASHINGTON COURT HOU,OH,NDIR,6.0,39.40033333333333,83.44658333333334,A,BUCKEYE COUNTRY,100.0,iHeartMedia,Country,
97.7,WCJO,JACKSON,OH,NDIR,3.0,39.02925,82.59738888888889,A,THE BULL 97.7,91.0,"Total Media Group, Inc.",Country,
107.5,WCKX,COLUMBUS,OH,NDIR,1.9,39.962833333333336,82.996,A,POWER 107.5 & 106.3,126.0,"BLUE CHIP BROADCASTING LICENSES, LTD",Urban Contemporary,"Columbus, OH"
103.7,WCKY-FM,PEMBERVILLE,OH,NDIR,50.0,41.13894444444444,83.24575,B,BUCKEYE COUNTRY 103.7,131.0,iHeartMedia,Country,
101.5,WCLI-FM,ENON,OH,DRL,6.0,39.883944444444445,84.07133333333333,A,101.5 HANK FM,100.0,ALPHA MEDIA LICENSEE LLC,Country,Dayton
100.3,WCLT-FM,NEWARK,OH,OTS,50.0,40.033944444444444,82.40208333333334,B,T 100.3,119.0,"WCLT RADIO, INC.",Country,"Columbus, OH"
90.3,WCLV,CLEVELAND,OH,DRL,47.0,41.371694444444444,81.71316666666667,B,IDEASTREAM PUBLIC MEDIA,155.0,IDEASTREAM,Classical/Jazz,Cleveland
96.7,WCMJ,CAMBRIDGE,OH,NDIR,1.35,40.03952777777778,81.6465,A,"TODAY'S BEST MIX, 96 FM",148.0,"AVC COMMUNICATIONS, INC.",Adult Contemporary,
92.3,WCOL-FM,COLUMBUS,OH,NDIR,22.0,39.97116666666667,83.02769444444445,B,,230.0,iHeartMedia,Country,"Columbus, OH"
104.9,WCPN,LORAIN,OH,NDIR,6.0,41.475611111111114,81.98986111111111,A,IDEASTREAM PUBLIC MEDIA,100.0,IDEASTREAM,News/Talk,Cleveland
102.7,WCPZ,SANDUSKY,OH,DRL,50.0,41.33097222222222,82.59902777777778,B,MIX 102.7,135.0,"BAS BROADCASTING, INC.",Hot AC,
103.3,WCRF-FM,CLEVELAND,OH,OTS,25.5,41.29669444444444,81.65733333333334,B,MOODY RADIO,201.0,THE MOODY BIBLE INSTITUTE OF CHICAGO,Religious Teaching,Cleveland
102.1,WCRM-LP,COLUMBUS,OH,NDIR,0.084,40.06027777777778,82.97922222222222,LP100,,33.0,PRI-VALUE FOUNDATION,Variety,"Columbus, OH"
92.7,WCRS-LP,COLUMBUS,OH,NDIR,0.068,40.094055555555556,83.00344444444444,LP100,,36.4,THE NEIGHBORHOOD NETWORK,Variety,"Columbus, OH"
89.3,WCSB,CLEVELAND,OH,NDIR,0.63,41.50338888888889,81.67486111111111,A,CLEVELAND'S FM ALTERNATIVE,62.0,CLEVELAND STATE UNIVERSITY,Adult Alternative,Cleveland
96.7,WCSM-FM,CELINA,OH,NDIR,2.2,40.55283333333333,84.51716666666667,A,96.7 THE WAVE,117.0,"Buzzards Media, LLC",Hot AC,Lima-Van Wert
88.9,WCSU-FM,WILBERFORCE,OH,NDIR,0.4,39.71588888888889,83.87408333333333,A,JAZZY 88.9,94.0,CENTRAL STATE UNIVERSITY,Urban Gospel,Dayton
90.9,WCVJ,JEFFERSON,OH,NDIR,1.85,41.630611111111115,80.75980555555556,B1,AIR1,196.0,EDUCATIONAL MEDIA FOUNDATION,Contemporary Christian,
104.9,WCVO,GAHANNA,OH,NDIR,6.0,40.06783333333334,82.86044444444444,A,104.9 THE RIVER,95.5,River Radio Ministries,Contemporary Christian,"Columbus, OH"
89.5,WCVV,BELPRE,OH,NDIR,4.4,39.324250000000006,81.62569444444443,A,BIBLE BROADCASTING NETWORK,117.0,BELPRE EDUCATIONAL BROADCASTING FOUNDATION,Religious Teaching,
107.3,WCWT-FM,CENTERVILLE,OH,NDIR,0.023,39.62727777777778,84.14825,D,,58.0,CENTERVILLE CITY BOARD OF EDUCATION,Adult Alternative,Dayton
105.5,WCXX-LP,CINCINNATI,OH,NDIR,0.006,39.17977777777777,84.39827777777778,LP100,CLASS X RADIO,118.0,"24-7 BROADCASTING, INC.",Classic Rock,Cincinnati
105.1,WCYC-LP,LONDON,OH,NDIR,0.03,39.88644444444444,83.44713888888889,LP100,,53.53923,"MADISON AREA YOUTH CENTER, INC",Contemporary Christian,"Columbus, OH"
92.9,WDCM-LP,DEFIANCE,OH,NDIR,0.1,41.307249999999996,84.37188888888888,LP100,,30.0,"DC RADIO GROUP, INC.",Variety,
91.7,WDEQ-FM,DE GRAFF,OH,NDIR,0.1,40.31502777777777,83.92297222222223,A,91.7 THE BUZZ,2.9,RIVERSIDE LOCAL BOARD OF EDUCATION,Variety,
98.1,WDFM,DEFIANCE,OH,OTS,50.0,41.29113888888889,84.538,B,MIX 98.1,152.0,iHeartMedia,Hot AC,
102.9,WDHT,URBANA,OH,NDIR,50.0,39.95311111111111,83.86855555555555,B,HOT 102.9,150.0,Alpha Media Licensee LLC,Rhythmic CHR,Dayton
97.5,WDIF-LP,MARION,OH,NDIR,0.075,40.612833333333334,83.12991666666666,LP100,,35.0,"MARION MAKES MUSIC, INC.",Blues,
92.5,WDJQ,ALLIANCE,OH,DRL,50.0,40.79033333333333,81.10705555555555,B,"Q92, TODAY'S HIT MUSIC",152.0,"D. A. PETERSON, INC.",Contemporary Hit Radio,Canton
102.3,WDNP-LP,DOVER,OH,NDIR,0.1,40.522,81.47733333333333,LP100,,-20.696228,DOVER - NEW PHILADELPHIA EDUCATIONAL BROADCASTING,Variety,
107.1,WDOH,DELPHOS,OH,NDIR,3.3,40.83197222222223,84.353,A,FUN 107.1,91.0,WOOF BOOM RADIO OF LIMA LLC,Adult Contemporary,Lima-Van Wert
102.1,WDOK,CLEVELAND,OH,NDIR,12.0,41.38283333333333,81.70180555555555,B,STAR 102,306.0,"Audacy License, LLC",Adult Contemporary,Cleveland
89.9,WDPG,GREENVILLE,OH,DRL,50.0,40.146972222222225,84.60994444444444,B,DISCOVER CLASSICAL 88.1,123.0,"DAYTON PUBLIC RADIO, INC.",Classical,
88.1,WDPR,DAYTON,OH,NDIR,0.78,39.72116666666667,84.24994444444445,A,DISCOVER CLASSICAL 88.1,238.0,"DAYTON PUBLIC RADIO, INC.",Classical,Dayton
89.5,WDPS,DAYTON,OH,DRL,6.0,39.75783333333333,84.19325,A,DAYTON`S HOME FOR REAL JAZZ,64.0,DAYTON CITY SCHOOLS,Jazz,Dayton
98.1,WDTZ-LP,DELHI TOWNSHIP,OH,NDIR,0.032,39.08888888888889,84.60416666666666,LP100,,52.0,"DELHI PUBLIC RADIO, INC.",Oldies,Cincinnati
90.7,WDWC,MARTINS FERRY,OH,NDIR,0.075,40.06894444444445,80.83616666666666,A,LIGHT OF LIFE RADIO,97.6,"LIGHT OF LIFE COMMUNITY, INC.",Religious Teaching,Wheeling
102.7,WEBN,CINCINNATI,OH,NDIR,16.0,39.11644444444445,84.50188888888889,B,,264.0,iHeartMedia,Rock,Cincinnati
100.7,WEEC,SPRINGFIELD,OH,NDIR,50.0,39.96172222222223,83.86797222222222,B,HOPE 100.7,143.0,WORLD EVANGELISTIC ENTERPRISE CORPORATION,Contemporary Christian,Dayton
105.5,WMVR-FM,SIDNEY,OH,NDIR,6.0,40.301138888888886,84.20577777777778,A,HITS 105.5,47.0,"Fender Broadcasting, LLC",Hot AC,
92.7,WEFC-LP,GALLOWAY,OH,NDIR,0.1,39.97616666666667,83.23988888888888,LP100,,22.02454,CHRISTIAN CHURCH OF EVANGELICAL FAITH PENTECOSTAL,Religious Teaching,"Columbus, OH"
104.9,WEGE,LIMA,OH,NDIR,3.0,40.723111111111116,84.08355555555555,A,104.9 THE EAGLE,67.0,WOOF BOOM RADIO OF LIMA LLC,Classic Rock,Lima-Van Wert
107.9,WENZ,CLEVELAND,OH,DRL,16.0,41.46505555555556,81.28677777777777,B,Z-107.9,272.0,"BLUE CHIP BROADCASTING LICENSES, LTD",Urban Contemporary,Cleveland
93.7,WFCJ,MIAMISBURG,OH,NDIR,50.0,39.65977777777778,84.31466666666667,B,93.7 THE LIGHT,150.0,MIAMI VALLEY CHRISTIAN BROADCASTING ASSOCIATION,Contemporary Christian/Religious Teaching,Dayton
90.9,WFCO,LANCASTER,OH,NDIR,1.2,39.68033333333333,82.59736111111111,A,90.9 THE RIVER,87.0,RIVER RADIO MINISTRIES,Contemporary Christian,
106.7,WFGA,HICKSVILLE,OH,NDIR,2.8,41.42338888888889,84.85997222222221,A,REAL COUNTRY 106.7,150.0,"SWICK BROADCASTING COMPANY, INC.",Country,Ft. Wayne
92.1,WFGF,WAPAKONETA,OH,OTS,3.0,40.65558333333333,84.11494444444443,A,92.1 THE FROG,100.0,WOOF BOOM RADIO OF LIMA LLC,Country,Lima-Van Wert
88.1,WFGU-LP,WINCHESTER,OH,NDIR,0.095,38.98338888888889,83.62602777777776,LP100,,30.466499,HOPE RADIO OF WINCHESTER,Religious Teaching,
95.5,WFHM-FM,CLEVELAND,OH,NDIR,31.0,41.442277777777775,81.49094444444445,B,THE FISH,189.0,"SALEM MEDIA OF MASSACHUSETTS, LLC",Contemporary Christian,Cleveland
89.5,WFOT,LEXINGTON,OH,NDIR,0.36,40.72672222222222,82.61627777777777,A,ANNUNCIATION RADIO,92.75,Ave Maria Communications,Religious Teaching,
99.1,WFRO-FM,FREMONT,OH,NDIR,11.5,41.366166666666665,83.08880555555555,B1,EAGLE 99,111.0,"BAS BROADCASTING, INC.",Adult Contemporary,
96.5,WFTK,LEBANON,OH,OTS,19.5,39.35311111111111,84.32494444444444,B,96 ROCK,247.0,Cumulus Media,Rock,Cincinnati
107.5,WFXJ-FM,NORTH KINGSVILLE,OH,NDIR,3.6,41.8845,80.64091666666667,A,107.5 THE FOX,130.0,"MEDIA ONE HOLDINGS, LLC",Classic Rock,
102.3,WFXN-FM,GALION,OH,NDIR,3.5,40.75727777777778,82.78961111111111,A,THE FOX,131.0,iHeartMedia,Classic Rock,
99.5,WGAR-FM,CLEVELAND,OH,OTS,50.0,41.371694444444444,81.71761111111111,B,,152.0,iHeartMedia,Country,Cleveland
90.9,WGBE,BRYAN,OH,NDIR,0.85,41.47975,84.59716666666667,A,,120.0,PUBLIC BROADCASTING FOUNDATION OF NW OHIO,News/Talk/Classical,
91.9,WGDE,DEFIANCE,OH,DRL,6.0,41.294777777777774,84.38994444444445,A,,93.0,PUBLIC BROADCASTING FOUNDATION OF NW OHIO,News/Classical,
97.7,WGGN,CASTALIA,OH,NDIR,0.64,41.39619444444445,82.79286111111111,A,TODAY'S CHRISTIAN MUSIC,221.0,"CHRISTIAN FAITH BROADCAST, INC.",Contemporary Christian/Religious Teaching,
97.9,WGJM-LP,ENGLEWOOD,OH,NDIR,0.1,39.88475,84.31688888888888,LP100,,29.009762,"M&M COMMUNITY DEVELOPMENT INC., DAYTON, OH BRANCH",Urban Contemporary,Dayton
90.7,WGLE,LIMA,OH,DRL,50.0,40.65113888888889,84.10919444444444,B,,139.0,Public Broadcasting Foundation of NW Ohio,News/Talk/Classical,Lima-Van Wert
94.9,WGNH,SOUTH WEBSTER,OH,NDIR,2.2,38.70841666666667,82.67072222222222,A,KING OF KINGS RADIO,140.0,SOMERSET EDUCATIONAL BROADCASTING FOUNDATION,Religious Teaching/Southern Gospel,Huntington-Ashland
105.5,WGOJ,CONNEAUT,OH,DRL,6.0,41.861694444444446,80.51672222222223,A,GRACE RADIO,90.0,"BIBLE BROADCASTING, INC.",Religious Teaching,Erie
91.9,WGRN-LP,COLUMBUS,OH,NDIR,0.056,39.916666666666664,82.98333333333333,LP100,,40.0,Central Ohio Green Education Fund,Variety,"Columbus, OH"
103.5,WGRR,HAMILTON,OH,DRL,11.0,39.20033333333333,84.52269444444444,B,CINCINNATI'S GREATEST HITS,316.0,Cumulus Media,Classic Hits,Cincinnati
91.3,WGTE-FM,TOLEDO,OH,OTS,13.5,41.65752777777777,83.43186111111112,B,,289.0,PUBLIC BROADCASTING FOUNDATION OF NW OHIO,News/Talk/Classical,Toledo
92.9,WGTZ,EATON,OH,OTS,40.0,39.83616666666667,84.40438888888889,B,92.9 JACK-FM,168.0,Alpha Media Licensee LLC,Adult Hits,Dayton
90.9,WGUC,CINCINNATI,OH,NDIR,18.5,39.12502777777778,84.49888888888889,B,,209.2,"CINCINNATI PUBLIC RADIO, INC.",Classical,Cincinnati
94.1,WHBC-FM,CANTON,OH,OTS,45.0,40.89811111111111,81.31841666666666,B,MIX 94.1,157.0,ALPHA MEDIA LICENSEE LLC,Hot AC,Canton
88.9,WHEI,TIFFIN,OH,NDIR,0.1,41.116416666666666,83.16741666666667,A,RISE FM,18.0,SOARING EAGLE PROMOTIONS INC.,Contemporary Christian,
95.7,WHIO-FM,PLEASANT HILL,OH,NDIR,50.0,40.217555555555556,84.29355555555556,B,AM1290 AND NEWS 95.7 WHIO,145.0,"CMG Radio Operating Company, LLC",News/Talk,
92.7,WHIZ-FM,SOUTH ZANESVILLE,OH,NDIR,16.0,39.7145,82.06930555555556,B1,Z-92,124.0,"Marquee Broadcasting Ohio, Inc.",Contemporary Hit Radio,
88.7,WHJM,ANNA,OH,NDIR,1.0,40.467222222222226,84.19,A,RADIO MARIA,,"RADIO MARIA, INC.",Religious Teaching,
91.5,WHKC,COLUMBUS,OH,DRL,15.0,39.93727777777777,83.02102777777777,B,FREEDOM FM,210.0,"CHRISTIAN BROADCASTING SERVICES, INC.",Religious Teaching,"Columbus, OH"
99.1,WHKO,DAYTON,OH,NDIR,50.0,39.73394444444445,84.248,B,K-99.1,325.0,"CMG Radio Operating Company, LLC",Country,Dayton
91.9,WHKU,PROCTORVILLE,OH,NDIR,4.3,38.42133333333333,82.39713888888889,A,K-LOVE,75.0,EDUCATIONAL MEDIA FOUNDATION,Contemporary Christian,Huntington-Ashland
106.5,WHLK,CLEVELAND,OH,NDIR,11.5,41.379222222222225,81.71986111111111,B,106.5 THE LAKE,316.0,iHeartMedia,Adult Hits,Cleveland
101.7,WHOF,NORTH CANTON,OH,NDIR,6.0,40.822833333333335,81.42788888888889,A,SUNNY 101.7,81.0,iHeartMedia,Classic Hits,Canton
88.1,WHRQ,SANDUSKY,OH,NDIR,0.38,41.37722222222222,82.81444444444445,A,ANNUNCIATION RADIO,102.4,Ave Maria Communications,Religious Teaching,
101.1,WHOT-FM,YOUNGSTOWN,OH,NDIR,24.5,41.05727777777778,80.63925,B,HOT101,215.0,Cumulus Media,Contemporary Hit Radio,Youngstown-Warren
89.5,WHSS,HAMILTON,OH,DRL,3.0,39.42819444444444,84.62922222222221,A,,90.0,"Spryex Communications, Inc.",Classic Rock,Cincinnati
106.3,WHTD,LONDON,OH,DRL,6.0,39.88422222222222,83.42519444444444,A,POWER 107.5 & 106.3,99.0,"BLUE CHIP BROADCASTING LICENSES, LTD",Urban Contemporary,"Columbus, OH"
90.5,WHVT,CLYDE,OH,NDIR,2.7,41.29586111111111,82.97377777777778,A,CLEAN AIR CHRISTIAN RADIO NETWORK,47.0,CLYDE EDUCATIONAL BROADCASTING FOUNDATION,Religious Teaching,
89.5,WHVY,COSHOCTON,OH,DRL,1.75,40.30477777777777,81.73427777777778,A,CLEAN AIR CHRISTIAN RADIO NETWORK,85.0,CLYDE EDUCATIONAL BROADCASTING FOUNDATION,Religious Teaching,
88.3,WHWN,PAINESVILLE,OH,NDIR,0.7,41.70477777777778,81.24261111111112,A,LA NUEVA MIA,44.0,"LA CADENA MUNDIAL HISPANA, INC.",Regional Mexican,Cleveland
89.5,WILB-FM,BOARDMAN,OH,NDIR,0.15,41.08005555555556,80.64008333333334,A,LIVING BREAD RADIO,47.9,"LIVING BREAD RADIO, INC.",Religious Teaching,Youngstown-Warren
97.7,WILE-FM,BYESVILLE,OH,NDIR,1.5,40.03952777777778,81.6465,A,AMERICA'S BEST MUSIC FM 97.7,142.0,"AVC COMMUNICATIONS, INC.",Adult Standards,
102.1,WIMT,LIMA,OH,NDIR,11.0,40.63422222222222,84.208,B,T-102,323.0,iHeartMedia,Country,Lima-Van Wert
95.7,WIMX,GIBSONBURG,OH,DRL,3.5,41.47197222222223,83.41797222222223,A,MIX 95.7,132.0,"GCR LICENSES, LLC",Urban AC,Toledo
98.5,WINF-LP,DELAWARE,OH,NDIR,0.067,40.29922222222222,83.04575,LP100,LOCAL 98.5 WINF,37.0,DELAWARE COUNTY DEVELOPMENT COMPANY,Easy Listening,"Columbus, OH"
104.7,WIOT,TOLEDO,OH,OTS,50.0,41.67311111111111,83.42522222222223,B,TOLEDO'S ROCK,165.0,iHeartMedia,Rock,Toledo
107.1,WIRO,IRONTON,OH,DRL,3.0,38.53980555555555,82.66961111111111,A,AIR1,137.0,KW Ministries,Contemporary Christian,Huntington-Ashland
100.9,WJAW-FM,MCCONNELSVILLE,OH,NDIR,1.9,39.55536111111111,81.85069444444444,A,JAWS CLASSIC COUNTRY 100.9,179.0,"JAWCO, INC.",Country,
88.7,WJCU,UNIVERSITY HEIGHTS,OH,DRL,2.5,41.490027777777776,81.5315,A,CLEVELAND'S HOME FOR COLLEGE RADIO,104.0,John Carroll University,Adult Alternative,Cleveland
90.1,WJEE,BOLIVAR,OH,DRL,2.3,40.65783333333333,81.35205555555555,A,RISE FM,-10.0,"Soaring Eagle Promotions, Inc. dba Shine FM",Religious Teaching,Canton
93.1,WJEH-FM,RACINE,OH,NDIR,4.1,38.94897222222222,82.05041666666666,A,93.1 THE WOLF,122.0,"Vandalia Media Partners 2, LLC",Country,
104.1,WJFY-LP,NEWARK,OH,NDIR,0.1,40.003,82.45225,LP100,,-1.0,NEWARK AREA CHRISTIAN BROADCASTING,Religious Teaching,"Columbus, OH"
91.7,WJIC,ZANESVILLE,OH,DRL,4.1,39.96033333333334,82.21652777777778,A,CHRISTIAN INFORMATION RADIO,121.0,"VCY AMERICA, INC.",Religious Teaching,"Columbus, OH"
89.1,WJJE,DELAWARE,OH,NDIR,6.0,40.40061111111111,82.7785,A,AMERICAN FAMILY RADIO,,AMERICAN FAMILY ASSOCIATION,Religious Teaching,
103.9,WJKR,WORTHINGTON,OH,DRL,6.0,39.966722222222224,83.10769444444443,A,COUNTRY 103.9,99.3,"NORTH AMERICAN BROADCASTING COMPANY, INC.",Country,"Columbus, OH"
95.9,WJKW,ATHENS,OH,DRL,5.5,39.23616666666667,82.07097222222222,A,OHIO'S CHRISTIAN SUPERSTATION,104.0,"CHRISTIAN FAITH BROADCAST, INC.",Contemporary Christian/Religious Teaching,
88.9,WJTA,GLANDORF,OH,DRL,2.0,41.09338888888889,84.02494444444444,A,HOLY FAMILY RADIO,55.3,"HOLY FAMILY COMMUNICATIONS, INC.",Religious Teaching,Lima-Van Wert
107.3,WJUC,SWANTON,OH,NDIR,3.0,41.64169444444445,83.90075,A,THE JUICE,100.0,"FLEMING STREET COMMUNICATIONS, INC.",Urban AC,Toledo
96.7,WJVG-LP,COLUMBUS,OH,NDIR,0.046,40.03311111111111,82.99377777777778,LP100,,43.0,"CHRISTIAN MEDIA, INCORPORATED",Talk,"Columbus, OH"
97.3,WJZE,OAK HARBOR,OH,DRL,4.3,41.472,83.41797222222223,A,HOT 97.3,118.1,"GCR LICENSES, LLC",Urban Contemporary,Toledo
90.3,WKCD,CEDARVILLE,OH,DRL,8.7,39.7245,84.25494444444445,B,K-LOVE,291.0,EDUCATIONAL MEDIA FOUNDATION,Contemporary Christian,Dayton
98.1,WKDD,MUNROE FALLS,OH,DRL,50.0,41.20005555555556,81.52288888888889,B,98.1 KDD,138.0,iHeartMedia,Hot AC,Akron
88.5,WKEN,KENTON,OH,NDIR,1.8,40.53197222222222,83.54730555555555,A,RISE FM,91.0,"SOARING EAGLE PROMOTIONS, INC.",Contemporary Christian,Lima-Van Wert
98.3,WKET,KETTERING,OH,OTS,0.013,39.69616666666666,84.16186111111112,D,,76.0,KETTERING CITY SCHOOL DISTRICT,Adult Alternative,Dayton
96.1,WKFM,HURON,OH,NDIR,3.4,41.30144444444444,82.48766666666667,A,K-96,133.0,ELYRIA-LORAIN BROADCASTING COMPANY,Country,
107.1,WKFS,MILFORD,OH,NDIR,2.8,39.11644444444445,84.50188888888889,B1,KISS 107.1,264.0,iHeartMedia,Contemporary Hit Radio,Cincinnati
91.5,WKHR,BAINBRIDGE,OH,NDIR,0.75,41.46366666666667,81.29372222222221,A,KEEPING YOUR MEMORIES ALIVE,141.0,KENSTON LOCAL SCHOOL DISTRICT,Adult Standards,Cleveland
91.9,WKJA,BRUNSWICK,OH,DRL,24.0,40.91577777777778,81.93202777777778,B1,HEARTFELT RADIO,97.0,"CHRISTIAN HEALTHCARE MINISTRIES, INC.",Religious Teaching,
94.3,WKKI,CELINA,OH,NDIR,5.2,40.57255555555556,84.58938888888889,A,K-94,108.0,THE SONSHINE COMMUNICATIONS CORPORATION,Rock,Lima-Van Wert
94.3,WKKJ,CHILLICOTHE,OH,DRL,19.0,39.33116666666667,82.99683333333333,B1,94 COUNTRY,107.6,iHeartMedia,Country,
99.9,WKKO,TOLEDO,OH,DRL,50.0,41.66811111111111,83.453,B,K-100,152.4,Cumulus Media,Country,Toledo
104.7,WKKY,GENEVA,OH,NDIR,6.0,41.791694444444445,81.09174999999999,A,COUNTRY 104.7,100.0,MUSIC EXPRESS BROADCASTING CORP. OF NORTHEAST OHIO,Country,Cleveland
95.3,WKLM,MILLERSBURG,OH,NDIR,3.0,40.48588888888889,81.84569444444443,A,HOMETOWN RADIO,100.0,"WKLM RADIO, INC.",Adult Contemporary,
102.3,WKLN,WILMINGTON,OH,NDIR,3.0,39.36527777777778,83.76944444444445,A,K-LOVE,91.0,Educational Media Foundation,Contemporary Christian,
96.7,WKOV-FM,OAK HILL,OH,NDIR,16.0,39.02925,82.59738888888889,B1,MIX 96 FM,129.0,"Total Media Group, Inc.",Hot AC,
89.3,WKRW,WOOSTER,OH,NDIR,2.1,40.774499999999996,81.91791666666667,A,NPR & CLASSICAL MUSIC,97.0,KENT STATE UNIVERSITY,News/Talk/Classical,
91.5,WKRJ,NEW PHILADELPHIA,OH,NDIR,2.0,40.563944444444445,81.51788888888889,A,NPR & CLASSICAL MUSIC,73.0,KENT STATE UNIVERSITY,News/Talk/Classical,
92.3,WKRK-FM,CLEVELAND HEIGHTS,OH,DRL,40.0,41.442277777777775,81.49094444444445,B,92.3 THE FAN,167.0,"Audacy License, LLC",Sports,Cleveland
101.9,WKRQ,CINCINNATI,OH,NDIR,16.0,39.11644444444445,84.50188888888889,B,Q-102,264.0,Hubbard Media,Hot AC,Cincinnati
99.7,WKSD,PAULDING,OH,NDIR,3.0,41.05891666666666,84.5916111111111,A,CLASSIC HITS 99.7,100.0,"FIRST FAMILY BROADCASTING, INC.",Oldies,
89.7,WKSU,KENT,OH,NDIR,12.0,41.08283333333333,81.63372222222223,B,IDEASTREAM PUBLIC MEDIA,277.0,KENT STATE UNIVERSITY,News/Talk,Akron
89.7,WKSU-FM1,KENT,OH,DRL,1.0,41.38608333333333,81.68908333333334,D,IDEASTREAM PUBLIC MEDIA,,Kent State University,News/Talk,Cleveland
89.1,WKSV,THOMPSON,OH,DRL,50.0,41.69283333333333,81.04730555555555,B,NPR & CLASSICAL MUSIC,144.0,KENT STATE UNIVERSITY,News/Talk/Classical,Cleveland
90.7,WKTL,STRUTHERS,OH,DRL,13.5,41.05172222222222,80.59866666666666,B1,THE SUMMIT,7.0,BOARD OF EDUCATION STRUTHERS OHIO CITY SCHOOLS,Adult Alternative,Youngstown-Warren
95.3,WKTN,KENTON,OH,NDIR,3.5,40.644777777777776,83.56630555555556,A,95.3 WKTN,84.0,Home Town Media Ltd,Hot AC,Lima-Van Wert
102.5,WKVR,BALTIMORE,OH,NDIR,15.0,39.770833333333336,82.74025,B1,LA GRANDE 102.5,130.0,"SOUTHEASTERN OHIO BROADCASTING SYSTEM, INC.",Regional Mexican,Flint
90.9,WKWO,WOOSTER,OH,NDIR,2.2,40.86647222222222,81.76216666666667,A,K-LOVE,79.0,EDUCATIONAL MEDIA FOUNDATION,Contemporary Christian,
100.5,WKXA-FM,FINDLAY,OH,OTS,20.0,40.916694444444445,83.59575,B,YOU COUNTRY NOW WKXA 100.5,134.0,BLANCHARD RIVER BROADCASTING COMPANY,Country,
88.3,WLFC,NORTH BALTIMORE,OH,DRL,4.6,41.11783333333334,83.54380555555555,A,,100.0,THE UNIVERSITY OF FINDLAY,Contemporary Hit Radio,
89.9,WLHS,WEST CHESTER,OH,NDIR,0.085,39.31616666666666,84.36966666666666,A,LAKOTA LOCAL RADIO WLHS 89.9,108.2,LAKOTA LOCAL SCHOOL DISTRICT,Variety,Cincinnati
91.9,WLKP,BELPRE,OH,DRL,2.9,39.34305555555556,81.49777777777778,A,K-LOVE,108.0,EDUCATIONAL MEDIA FOUNDATION,Contemporary Christian,
95.3,WLKR-FM,NORWALK,OH,NDIR,3.3,41.28033333333333,82.65738888888889,A,,91.0,ELYRIA-LORAIN BROADCASTING COMPANY,Adult Alternative,
96.9,WLRD,WILLARD,OH,NDIR,6.0,40.960055555555556,82.621,A,TODAY'S SOUTHERN GOSPEL MUSIC,100.0,"CHRISTIAN FAITH BROADCAST, INC.",Southern Gospel,
106.9,WLRU-LP,HILLSBORO,OH,NDIR,0.1,39.19005555555555,83.61019444444445,LP100,,26.620613,ST.MARY CATHOLIC BROADCASTING SYSTEM,Religious Teaching,
88.9,WLRY,RUSHVILLE,OH,NDIR,1.1,39.77811111111111,82.42377777777779,A,RADIO FOR LIFE,91.0,ARCANGEL BROADCASTING FOUNDATION,Religious Teaching,
96.3,WLVQ,COLUMBUS,OH,OTS,18.0,39.97116666666667,83.02766666666666,B,QFM 96 OHIO'S BEST ROCK,229.0,"FRANKLIN COMMUNICATIONS, INC.",Classic Rock,"Columbus, OH"
104.5,WLZZ,MONTPELIER,OH,NDIR,3.0,41.515027777777775,84.6618888888889,A,SUPERSTAR COUNTRY Z 104,100.0,"SWICK BROADCASTING COMPANY, INC.",Country,
98.3,WMAN-FM,FREDERICKTOWN,OH,DRL,0.86,40.58283333333333,82.4735,A,WMAN-FM 98.3 NEWS RADIO,189.0,iHeartMedia,News/Talk,
90.7,WMCO,NEW CONCORD,OH,NDIR,1.2,40.00172222222222,81.73844444444444,A,THE ORBIT,44.0,Muskingum University,Variety,
89.5,WMIH,GENEVA,OH,DRL,21.0,41.8845,80.64091666666667,B1,STATION OF THE CROSS,111.2,Holy Family Communications,Religious Teaching,
105.7,WMJI,CLEVELAND,OH,NDIR,16.0,41.383916666666664,81.6953888888889,B,MAGIC 105.7,344.0,iHeartMedia,Classic Hits,Cleveland
100.9,WMJK,CLYDE,OH,NDIR,3.0,41.24919444444445,82.91294444444445,A,100.9 COAST COUNTRY,91.0,"BAS BROADCASTING, INC.",Country,
89.3,WMKV,READING,OH,DRL,0.41,39.223111111111116,84.4321388888889,A,89.3 WMKV,72.0,"MAPLE KNOLL COMMUNITIES, INC.",Adult Standards,Cincinnati
103.3,WMLX,ST. MARYS,OH,NDIR,1.95,40.63422222222222,84.208,A,MIX 103.3,170.0,iHeartMedia,Adult Contemporary,Lima-Van Wert
100.7,WMMS,CLEVELAND,OH,OTS,34.0,41.35838888888889,81.66736111111112,B,,183.0,iHeartMedia,Rock,Cleveland
107.7,WMMX,DAYTON,OH,NDIR,28.0,39.722,84.20911111111111,B,MIX 107.7,200.0,iHeartMedia,Hot AC,Dayton
94.3,WMRN-FM,MARION,OH,OTS,3.0,40.60755555555556,83.2371388888889,A,BUCKEYE COUNTRY,91.0,iHeartMedia,Country,
88.3,WMRT,MARIETTA,OH,NDIR,9.2,39.41894444444444,81.44261111111112,B1,,62.0,MARIETTA COLLEGE,Classical/Jazz,
96.1,WMTR-FM,ARCHBOLD,OH,NDIR,3.8,41.55811111111111,84.1855,A,96.1 WMTR,122.0,"Nobco, Inc.",Classic Hits,Toledo
88.5,WMUB,OXFORD,OH,DRL,24.5,39.557249999999996,84.79299999999999,B,NEWS 91.7 - 88.5 FM,147.0,THE PRESIDENT & TRUSTEES OF MIAMI UNIVERSITY,News/Talk,Cincinnati
88.9,WMWX,MIAMITOWN,OH,DRL,4.6,39.32172222222223,84.95911111111111,A,CLASS X RADIO,114.0,"SPRYEX COMMUNICATIONS, INC.",Classic Rock,
98.9,WMXY,YOUNGSTOWN,OH,NDIR,5.9,41.05672222222222,80.64533333333334,B,MIX 98.9,418.0,iHeartMedia,Adult Contemporary,Youngstown-Warren
102.7,WMYW-LP,PAULDING,OH,NDIR,0.008,41.178666666666665,84.62716666666665,LP100,MY 102.7,104.849503,"PAULDING JB ANTWERP RADIO, INC.",Variety,
93.3,WNCD,YOUNGSTOWN,OH,OTS,50.0,41.08061111111112,80.64811111111112,B,93.3 THE WOLF ROCKS,85.0,iHeartMedia,Classic Rock,Youngstown-Warren
97.9,WNCI,COLUMBUS,OH,DRL,175.0,39.969500000000004,83.00269444444444,B,COLUMBUS' HIT MUSIC STATION,171.0,iHeartMedia,Contemporary Hit Radio,"Columbus, OH"
101.3,WNCO-FM,ASHLAND,OH,NDIR,50.0,40.840333333333334,82.35711111111111,B,MID-OHIO'S COUNTRY 101.3 WNCO,152.0,iHeartMedia,Country,
98.5,WNCX,CLEVELAND,OH,NDIR,16.0,41.341166666666666,81.73986111111111,B,CLEVELAND'S CLASSIC ROCK,293.0,"Audacy License, LLC",Classic Rock,Cleveland
103.1,WNDH,NAPOLEON,OH,NDIR,3.3,41.30002777777778,84.15605555555557,A,103.1 WNDH CLASSIC HITS,91.0,iHeartMedia,Classic Hits,
104.1,WNHC-LP,LIMA,OH,NDIR,0.09,40.77002777777778,84.18411111111112,LP100,,31.466669,NEW HOPE CHRISTIAN CENTER,Religious Teaching,Lima-Van Wert
100.1,WNIR,KENT,OH,NDIR,4.2,41.10783333333333,81.3551111111111,A,THE TALK OF AKRON,120.0,"Media-Com, Inc.",Talk,Akron
96.9,WNKL,WAUSEON,OH,DRL,5.0,41.60088888888889,83.90744444444445,A,K-LOVE,109.0,EDUCATIONAL MEDIA FOUNDATION,Contemporary Christian,Toledo
105.9,WNKN,MIDDLETOWN,OH,NDIR,34.0,39.51588888888889,84.35133333333333,B,RELEVANT RADIO,181.0,"Relevant Radio, Inc.",Religious Teaching,Cincinnati
101.7,WNKO,NEW ALBANY,OH,DRL,22.0,40.14394444444444,82.63877777777779,B1,KOOL 101.7,107.0,"RUNNYMEDE, INC.",Classic Hits,"Columbus, OH"
97.7,WNLB-LP,HOLLAND,OH,NDIR,0.1,41.615027777777776,83.70352777777778,LP100,,29.046656,SPRINGFIELD BOARD OF EDUCATION,Oldies,Toledo
104.3,WNLT,DELHI HILLS,OH,NDIR,2.0,39.10505555555556,84.55688888888889,A,K-LOVE,175.0,Educational Media Foundation,Contemporary Christian,Cincinnati
103.5,WNND,PICKERINGTON,OH,DRL,4.2,39.95005555555556,82.72461111111112,A,REWIND 103.5 AND 104.3,119.0,"FRANKLIN COMMUNICATIONS, INC.",Classic Hits,"Columbus, OH"
94.1,WNNF,CINCINNATI,OH,NDIR,16.0,39.11644444444445,84.50188888888889,B,CAT COUNTRY 94.1,264.0,Cumulus Media,Country,Cincinnati
104.3,WNNP,RICHWOOD,OH,NDIR,3.4,40.30616666666666,83.32908333333333,A,REWIND 103.5 AND 104.3,133.0,"FRANKLIN COMMUNICATIONS, INC.",Classic Hits,"Columbus, OH"
89.7,WNOC,BOWLING GREEN,OH,DRL,5.3,41.42755555555555,83.60827777777777,A,ANNUNCIATION RADIO,87.9,Ave Maria Communications,Religious Teaching,Toledo
102.5,WNPA-LP,CANTON,OH,NDIR,0.067,40.757333333333335,81.34983333333332,LP100,,36.606369,NEOPA,Variety,Canton
95.9,WNPQ,NEW PHILADELPHIA,OH,NDIR,4.1,40.59756111111111,81.4920638888889,A,K-LOVE,121.0,Educational Media Foundation,Contemporary Christian,
90.7,WNRK,NORWALK,OH,DRL,4.0,41.18061111111111,82.38905555555556,A,NPR & CLASSICAL MUSIC,124.0,KENT STATE UNIVERSITY,News/Talk/Classical,
107.1,WNUS,BELPRE,OH,NDIR,3.8,39.33833333333334,81.5,A,107 NUS COUNTRY,127.0,iHeartMedia,Country,
107.3,WNWV,ELYRIA,OH,NDIR,20.0,41.2695,82.00430555555556,B,107.3 ALTERNATIVE CLEVELAND,238.0,"RUBBER CITY RADIO GROUP, INC.",Rock,Cleveland
99.3,WNXT-FM,PORTSMOUTH,OH,NDIR,2.55,38.722861111111115,82.99877777777778,A,MIX 99.3,156.0,"Total Media Group, Inc.",Adult Contemporary,Huntington-Ashland
89.1,WNZN,LORAIN,OH,NDIR,2.2,41.30947222222222,82.44183333333334,A,POWER 89.1,114.0,PACE FOUNDATION,Urban Gospel,
90.9,WNZR,MOUNT VERNON,OH,DRL,1.3,40.37088888888889,82.46794444444444,A,THE LIFELINE,57.3,MOUNT VERNON NAZARENE UNIVERSITY,Contemporary Christian,
88.3,WOAR,SOUTH VIENNA,OH,NDIR,1.0,39.93172222222222,83.60991666666666,A,AIR1,84.7,EDUCATIONAL MEDIA FOUNDATION,Contemporary Christian,Dayton
91.5,WOBC-FM,OBERLIN,OH,NDIR,1.0,41.29391666666667,82.22208333333333,A,,41.0,"Oberlin College Broadcasting, Inc.",Adult Alternative,Cleveland
97.5,WOBN,WESTERVILLE,OH,NDIR,0.029,40.1245,82.93488888888889,D,THE WILDCARD,20.0,OTTERBEIN UNIVERSITY,Variety,"Columbus, OH"
88.7,WOBO,BATAVIA,OH,DRL,31.0,39.062,84.09716666666667,B,SOMETHING FOR EVERYONE,142.0,"EDUCATIONAL COMMUNITY RADIO, INC.",Variety,Cincinnati
93.3,WODC,ASHVILLE,OH,NDIR,32.0,39.87616666666667,82.98019444444445,B,93.3 THE BUS,184.0,iHeartMedia,Classic Hits,"Columbus, OH"
88.7,WOFN,BEACH CITY,OH,DRL,18.5,40.58827777777778,81.47019444444445,B,OASIS NETWORK,127.0,"DAVID INGLES MINISTRIES, INC.",Religious Teaching,
92.5,WOFX-FM,CINCINNATI,OH,DRL,16.0,39.11644444444445,84.50188888888889,B,THE FOX,264.0,Cumulus Media,Classic Rock,Cincinnati
94.9,WOHA,ADA,OH,NDIR,3.0,40.76613888888889,83.83713888888889,A,HOLY FAMILY RADIO,100.0,"HOLY FAMILY COMMUNICATIONS, INC",Religious Teaching,Lima-Van Wert
90.1,WOHC,CHILLICOTHE,OH,NDIR,7.0,39.346361111111115,83.18861111111111,B1,AIR1,119.0,EDUCATIONAL MEDIA FOUNDATION,Contemporary Christian,
92.1,WOHF,BELLEVUE,OH,NDIR,5.8,41.23866666666667,82.83769444444444,A,92.1 THE WOLF,103.0,"BAS BROADCASTING, INC.",Classic Hits,
96.1,WOHK,ASHTABULA,OH,NDIR,3.2,41.883916666666664,80.64080555555556,A,K-LOVE,139.0,EDUCATIONAL MEDIA FOUNDATION,Contemporary Christian,
100.5,WOMP,BELLAIRE,OH,OTS,48.0,40.035888888888884,80.77091666666666,B,WOMP-FM,152.0,"Ohio Midland Newsgroup, LLC",Adult Hits,Wheeling
101.9,WOMP-LP,CAMBRIDGE,OH,NDIR,0.1,40.03797222222222,81.58038888888889,LP100,,1.875139,BUCKEYE BROADCASTING INC.,Adult Standards,
91.1,WOSX,GRANVILLE,OH,NDIR,0.1,40.07116666666667,82.52319444444444,A,,52.0,THE OHIO STATE UNIVERSITY,Classical/News/Talk,"Columbus, OH"
97.5,WONE-FM,AKRON,OH,NDIR,12.0,41.06477777777778,81.58288888888889,B,97.5 WONE,271.0,"RUBBER CITY RADIO GROUP, INC.",Classic Rock,Akron
91.7,WOSV,MANSFIELD,OH,OTS,0.75,40.70922222222222,82.48627777777777,A,,137.0,THE OHIO STATE UNIVERSITY,Classical/News/Talk,
95.5,WOOO-LP,DEFIANCE,OH,NDIR,0.035,41.31144444444444,84.36522222222222,LP100,,49.491314,"FORT DEFIANCE YOUTH RADIO, INC.",Variety,
90.1,WORI,HARRISON,OH,DRL,15.0,39.22616666666667,84.71633333333334,B1,AIR1,102.0,EDUCATIONAL MEDIA FOUNDATION,Contemporary Christian,Cincinnati
101.1,WOSA,GROVE CITY,OH,DRL,6.0,39.81444444444444,83.05611111111111,A,CLASSICAL 101,100.0,THE OHIO STATE UNIVERSITY,Classical,"Columbus, OH"
91.1,WOSB,MARION,OH,NDIR,6.8,40.6845,83.25658333333334,B1,,87.0,THE OHIO STATE UNIVERSITY,Classical/News/Talk,
91.1,WOSE,COSHOCTON,OH,DRL,6.0,40.341722222222224,81.9653888888889,A,,98.0,THE OHIO STATE UNIVERSITY,Classical/News/Talk,
100.3,WOSL,NORWOOD,OH,NDIR,3.1,39.122,84.54772222222222,A,100.3 R&B,141.0,"BLUE CHIP BROADCASTING LICENSES, LTD.",Urban AC,Cincinnati
91.5,WOSP,PORTSMOUTH,OH,NDIR,0.11,38.761722222222225,83.06127777777778,A,,368.0,THE OHIO STATE UNIVERSITY,Classical/News/Talk,
89.7,WOSU-FM,COLUMBUS,OH,DRL,40.0,40.01727777777778,83.01963888888889,B,WOSU FM 89.7 NPR NEWS,168.2,THE OHIO STATE UNIVERSITY,News/Talk,"Columbus, OH"
90.3,WOTL,TOLEDO,OH,DRL,0.7,41.64672222222222,83.60605555555556,A,FAMILY RADIO,115.0,"FAMILY STATIONS, INC.",Religious Teaching,Toledo
91.3,WOUB-FM,ATHENS,OH,NDIR,50.0,39.314527777777776,82.14958333333334,B,OHIO UNIVERSITY PUBLIC RADIO,150.0,OHIO UNIVERSITY,News,
89.1,WOUC-FM,CAMBRIDGE,OH,OTS,5.0,40.09227777777778,81.28844444444444,B1,OHIO UNIVERSITY PUBLIC RADIO,152.0,OHIO UNIVERSITY,News,
91.9,WOUH-FM,CHILLICOTHE,OH,NDIR,0.75,39.3295,82.8021111111111,A,OHIO UNIVERSITY PUBLIC RADIO,198.0,OHIO UNIVERSITY,News,
89.1,WOUL-FM,IRONTON,OH,OTS,50.0,38.52311111111111,82.65541666666667,B,OHIO UNIVERSITY PUBLIC RADIO,122.0,OHIO UNIVERSITY,News,Huntington-Ashland
90.1,WOUZ-FM,ZANESVILLE,OH,NDIR,3.0,39.813944444444445,81.95566666666667,A,OHIO UNIVERSITY PUBLIC RADIO,,OHIO UNIVERSITY,News,
95.9,WOVU-LP,CLEVELAND,OH,NDIR,0.095,41.471694444444445,81.62233333333333,LP100,,33.0,"BURTEN, BELL, CARR DEVELOPMENT, INC.",Variety,Cleveland
97.7,WOXY,MASON,OH,NDIR,2.7,39.51588888888889,84.35133333333333,A,106.7 THE OASIS,151.5,"Radioactive, LLC",Classic Hits,Cincinnati
107.7,WPFX-FM,LUCKEY,OH,DRL,5.2,41.42755555555555,83.60827777777777,A,107.7 THE WOLF,107.0,"PATTON ADVERTIZING ENTERPRISES, LLP",Country,Toledo
98.3,WPKO-FM,BELLEFONTAINE,OH,NDIR,1.75,40.36811111111111,83.73383333333334,A,MIX 98.3,131.0,"V-TECK COMMUNICATIONS, INC.",Adult Contemporary,
95.1,WPLC-LP,PIQUA,OH,NDIR,0.09,40.11783333333334,84.18872222222222,LP100,,31.464664,PIQUA CHRISTIAN LIFESTYLE RADIO,Religious Teaching,Dayton
102.3,WPOS-FM,HOLLAND,OH,NDIR,6.0,41.62561111111111,83.71133333333334,A,PROCLAIM FM,95.0,"MAUMEE VALLEY BROADCASTING ASSOCIATION, INC.",Contemporary Christian,Toledo
104.1,WPYK,PORTSMOUTH,OH,DRL,100.0,38.683416666666666,83.01266666666666,C0,K-LOVE,450.0,EDUCATIONAL MEDIA FOUNDATION,Contemporary Christian,Huntington-Ashland
104.1,WQAL,CLEVELAND,OH,NDIR,12.0,41.341166666666666,81.73986111111111,B,Q 104,293.0,"Audacy License, LLC",Hot AC,Cleveland
92.7,WQEL,BUCYRUS,OH,NDIR,3.0,40.763666666666666,82.93325,A,Q 92.7 ICONIC ROCK,93.0,"FRANKLIN COMMUNICATIONS, INC.",Classic Rock,
93.7,WQGR,NORTH MADISON,OH,NDIR,6.0,41.746944444444445,81.08002777777777,A,GOLD 93.7,79.0,"MEDIA ONE HOLDINGS, LLC",Oldies,Cleveland
93.7,WQIO,MOUNT VERNON,OH,OTS,37.0,40.405055555555556,82.43875,B,SUPER Q 93.7,172.0,"BAS Broadcasting, Inc.",Adult Contemporary,
104.5,WQKT,WOOSTER,OH,NDIR,52.0,40.79416666666666,81.90416666666667,B,WQKT 104.5 SPORTS + COUNTRY,101.0,River Radio Ministries,Sports,
106.5,WQLX,CHILLICOTHE,OH,DRL,4.8,39.33116666666667,82.99683333333333,A,MIX 106.5,80.0,iHeartMedia,Hot AC,
94.9,WQMX,MEDINA,OH,NDIR,16.0,41.08283333333333,81.63372222222223,B,WQMX-FM 94.9,268.0,"RUBBER CITY RADIO GROUP, INC",Country,Akron
104.1,WQOU-LP,MT GILEAD,OH,NDIR,0.014,40.53422222222222,82.70183333333334,LP100,ETERNAL WORD NETWORK,79.493164,LEGION OF MARY,Religious Teaching,
105.5,WQQO,SYLVANIA,OH,NDIR,4.3,41.647,83.60494444444444,A,Q 105,118.7,Cumulus Media,,Toledo
89.5,WQRP,DAYTON,OH,DRL,6.0,39.75783333333333,84.19325,B1,RADIO NUEVA VIDA,64.0,EDUCATIONAL MEDIA FOUNDATION,Religious Teaching,Dayton
105.1,WQXK,SALEM,OH,NDIR,88.0,40.88561111111111,80.83175,B,K 105 - CONTINUOUS COUNTRY FAVORITES,136.0,Cumulus Media,Country,
103.1,WRAC,GEORGETOWN,OH,NDIR,6.0,38.87063888888889,83.76519444444445,A,C-103 COUNTRY,100.0,"DREAMCATCHER COMMUNICATIONS, INC.",Country,Cincinnati
88.9,WRDL,ASHLAND,OH,OTS,3.0,40.861444444444444,82.31958333333333,A,MORE MUSIC MORE YOU,52.0,ASHLAND UNIVERSITY,Contemporary Hit Radio,
97.1,WREO-FM,ASHTABULA,OH,NDIR,50.0,41.81616666666666,80.78091666666667,B,LITE MIX 97.1,152.0,"MEDIA ONE HOLDINGS, LLC",Soft AC,
94.9,WREW,FAIRFIELD,OH,NDIR,10.5,39.20033333333333,84.52269444444444,B,MIX 94.9,322.0,Hubbard Media,Hot AC,Cincinnati
101.3,WRKD-LP,ROCKFORD,OH,NDIR,0.094,40.69308333333333,84.64550000000001,LP100,,30.626181,VILLAGE OF ROCKFORD,Classic Hits,Lima-Van Wert
99.7,WRKZ,COLUMBUS,OH,OTS,20.0,39.97116666666667,83.02766666666666,B,99.7 THE BLITZ,239.0,"NORTH AMERICAN BROADCASTING COMPANY, INC.",Rock,"Columbus, OH"
91.1,WRMU-FM,ALLIANCE,OH,OTS,2.8,40.9045,81.11230555555555,A,,58.0,The University of Mount Union,Smooth Jazz,Canton
92.1,WROU-FM,WEST CARROLLTON,OH,NDIR,1.05,39.718111111111114,84.25577777777778,A,DAYTON'S R&B LEADER,163.0,ALPHA MEDIA LICENSEE LLC,Urban AC,Dayton
93.5,WRPO-LP,RUSSELLS POINT,OH,NDIR,0.1,40.46808333333333,83.89241666666668,LP100,INDIAN LAKE`S GREATEST HITS,25.064205,"VILLAGE OF RUSSELLS POINT, OHIO",Oldies,
106.9,WRQK-FM,CANTON,OH,NDIR,27.5,40.822833333333335,81.42761111111112,B,ROCK 106.9,103.0,iHeartMedia,Rock,Canton
93.5,WRQN,BOWLING GREEN,OH,NDIR,7.0,41.45783333333333,83.65911111111112,B1,93-5 WRQN,121.0,Cumulus Media,Classic Hits,Toledo
98.5,WRRM,CINCINNATI,OH,NDIR,18.0,39.122,84.54772222222222,B,WARM 98.5,246.0,Cumulus Media,Adult Contemporary,Cincinnati
89.9,WRRO,EDON,OH,DRL,15.0,41.54958333333333,84.77161111111111,B1,ANNUNCIATION RADIO,96.0,Ave Maria Communications,Religious Teaching,
91.1,WRUW-FM,CLEVELAND,OH,DRL,15.0,41.52061111111111,81.58399999999999,B1,WRUW-FM 91.1,89.0,CASE WESTERN RESERVE UNIVERSITY,Variety,Cleveland
102.1,WRVB,MARIETTA,OH,NDIR,11.0,39.324250000000006,81.62569444444443,B1,102 THE RIVER,150.0,iHeartMedia,Contemporary Hit Radio,
101.5,WRVF,TOLEDO,OH,NDIR,33.0,41.67311111111111,83.42522222222223,B,101 THE RIVER,164.0,iHeartMedia,Soft AC,Toledo
93.7,WSAV-LP,LORAIN,OH,NDIR,0.043,41.424749999999996,82.14941666666667,LP100,,46.0,SHILOH MISSIONARY BAPTIST CHURCH,Religious Teaching,Cleveland
98.5,WSAX-LP,COLUMBUS,OH,NDIR,0.1,39.98166666666667,82.85305555555556,LP100,,14.0,Columbus Jazz Alliance (formerly SEMM FOUNDATION),Jazz,"Columbus, OH"
107.7,WSEO,NELSONVILLE,OH,NDIR,3.0,39.46061111111111,82.21902777777778,A,WILD COUNTRY 107.7,100.0,"NELSONVILLE TV CABLE, INC.",Country,
88.3,WSGR,NEW BOSTON,OH,NDIR,1.7,38.72263888888889,83.00138888888888,B1,ST. GABRIEL RADIO,233.0,"ST. GABRIEL RADIO, INC.",Religious Teaching,Huntington-Ashland
90.9,WSHB,WILLARD,OH,DRL,0.45,41.04808333333333,82.68116666666667,A,ANNUNCIATION RADIO,71.5,Ave Maria Communications,Religious Teaching,
106.7,WSIB-LP,ATHENS,OH,NDIR,0.026,39.340333333333334,82.10125,LP100,,57.0,"St Isidore Media, Inc.",Variety,
94.7,WSNY,COLUMBUS,OH,OTS,22.0,39.97116666666667,83.02766666666666,B,SUNNY 95,230.0,"FRANKLIN COMMUNICATIONS, INC.",Adult Contemporary,"Columbus, OH"
88.9,WSOH,ZANESFIELD,OH,NDIR,0.4,40.33538888888889,83.66266666666667,A,RISE FM,130.0,"SOARING EAGLE PROMOTIONS, INC.",Contemporary Christian,
88.9,WSTB,STREETSBORO,OH,NDIR,0.68,41.15116666666667,81.33677777777777,A,THE ALTER-NATION,113.6,STREETSBORO CITY SCHOOL DISTRICT,Rock,Akron
97.3,WSWO-LP,HUBER HEIGHTS,OH,NDIR,0.1,39.82563888888889,84.14977777777779,LP100,,30.0,"SOUTHWESTERN OHIO PUBLIC RADIO, INC.",Oldies,Dayton
100.1,WSWR,SHELBY,OH,NDIR,3.0,40.945055555555555,82.66155555555557,A,MY 100.1,91.0,iHeartMedia,Classic Hits,
97.7,WTGN,LIMA,OH,DRL,6.0,40.75644444444445,84.13327777777778,A,WITNESSING THE GOOD NEWS RADIO,91.0,"ASSOCIATED CHRISTIAN BROADCASTERS, INC.",Religious Teaching,Lima-Van Wert
97.5,WTGR,UNION CITY,OH,DRL,6.0,40.192249999999994,84.79938888888888,A,TIGER COUNTRY,99.0,"POSITIVE RADIO GROUP, INC. OF OHIO",Country,
107.1,WTJN-LP,TROY,OH,NDIR,0.075,40.05744444444444,84.27616666666667,LP100,,35.0,TROY COMMUNITY FM,Variety,Dayton
89.7,WTKC,FINDLAY,OH,NDIR,0.2,41.05308333333333,83.65352777777778,A,UNIQUELY REFRESHING 89.7,26.0,"FAITH EDUCATIONAL MEDIA, INC.",Contemporary Christian,
106.5,WTKD,GREENVILLE,OH,NDIR,50.0,40.146972222222225,84.60994444444444,B,THE TRUTH,146.0,Delmarva Educational Association,Religious Teaching,
99.3,WTNS-FM,COSHOCTON,OH,OTS,1.2,40.275055555555554,81.82677777777778,A,THE SPIRIT OF COSHOCTON,134.0,COSHOCTON BROADCASTING CO.,Adult Contemporary,
106.5,WTOD,DELTA,OH,DRL,4.8,41.513666666666666,83.84994444444445,A,THE TRUTH,111.9,Delmarva Educational Association,Religious Teaching,Toledo
98.9,WTOH,UPPER ARLINGTON,OH,DRL,2.6,39.97116666666667,83.02766666666666,A,98.9 THE ANSWER,154.0,"SALEM MEDIA OF OHIO, INC.",Talk,"Columbus, OH"
88.9,WTPG,WHITEHOUSE,OH,DRL,12.3,41.42755555555555,83.60827777777777,B1,FAMILY FRIENDLY - COMMERCIAL FREE,83.5,"TAYLOR UNIVERSITY BROADCASTING, INC.",Contemporary Christian/Religious Teaching,Toledo
94.1,WTPS-LP,NAPOLEON,OH,NDIR,0.1,41.393388888888886,84.14269444444444,LP100,,16.0,ST. PAUL LUTHERAN CHURCH,Religious Teaching,
101.1,WTTP-LP,LIMA,OH,NDIR,0.1,40.75113888888889,84.12022222222221,LP100,,21.197609,CALVARY CHAPEL OF LIMA,Religious Teaching,Lima-Van Wert
104.7,WTUE,DAYTON,OH,NDIR,28.0,39.722,84.20911111111111,B,104.7 WTUE ROCKS,200.0,iHeartMedia,Rock,Dayton
99.9,WTUZ,UHRICHSVILLE,OH,NDIR,5.3,40.43866666666666,81.43344444444445,A,Z-COUNTRY,106.0,"WTUZ RADIO, INC.",Country,
105.1,WUBE-FM,CINCINNATI,OH,NDIR,14.5,39.125055555555555,84.49883333333334,B,B 105,280.0,Hubbard Media,Country,Cincinnati
98.1,WUDR,DAYTON,OH,NDIR,0.013,39.787277777777774,84.23966666666666,D,FLYER RADIO,27.3,UNIVERSITY OF DAYTON,Variety,Dayton
88.7,WUFM,COLUMBUS,OH,DRL,5.0,39.93783333333333,83.021,B,RADIOU,236.0,"SPIRIT COMMUNICATIONS, INC",Christian CHR + Rock,"Columbus, OH"
96.9,WUHS-LP,WEST UNION,OH,NDIR,0.08,38.81366666666666,83.58158333333333,LP100,,33.507648,WEST UNION HIGH SCHOOL,Variety,
89.1,WUSO,SPRINGFIELD,OH,NDIR,0.1,39.93588888888888,83.81130555555555,A,DISCOVER CLASSICAL 88.1,,"Dayton Public Radio, Inc.",Classical,Dayton
95.7,WVKF,SHADYSIDE,OH,DRL,6.8,40.06147222222222,80.75230555555555,B1,KISS-FM 95.7,191.0,iHeartMedia,Contemporary Hit Radio,Wheeling
92.5,WVKS,TOLEDO,OH,NDIR,50.0,41.53197222222222,83.59352777777778,B,92.5 KISS FM TOLEDO,146.0,iHeartMedia,Contemporary Hit Radio,Toledo
99.3,WVLO,CRIDERSVILLE,OH,DRL,4.5,40.663777777777774,84.0858611111111,A,K-LOVE,116.0,EDUCATIONAL MEDIA FOUNDATION,Contemporary Christian,Lima-Van Wert
90.7,WVMC-FM,MANSFIELD,OH,DRL,1.55,40.72255555555556,82.531,A,RISE FM,75.0,"SOARING EAGLE PROMOTIONS, INC.",Contemporary Christian,
90.5,WVML,MILLERSBURG,OH,DRL,15.0,40.60227777777778,81.74208333333334,B1,MOODY RADIO,112.0,THE MOODY BIBLE INSTITUTE OF CHICAGO,Religious Teaching,
89.5,WVMS,SANDUSKY,OH,NDIR,5.5,41.44141666666666,82.80544444444445,A,MOODY RADIO,30.0,THE MOODY BIBLE INSTITUTE OF CHICAGO,Religious Teaching,
91.7,WVMU,ASHTABULA,OH,DRL,3.2,41.85388888888889,80.6888888888889,A,MOODY RADIO,104.3,THE MOODY BIBLE INSTITUTE OF CHICAGO,Religious Teaching,
107.9,WVMX,WESTERVILLE,OH,NDIR,3.0,40.24491666666667,82.93022222222223,A,MIX 107.9,143.0,"FRANKLIN COMMUNICATIONS, INC.",Hot AC,"Columbus, OH"
106.1,WVNO-FM,MANSFIELD,OH,NDIR,40.0,40.76394444444445,82.61766666666666,B,MIX 106,166.0,"JOHNNY APPLESEED BROADCASTING CO, INC..",Adult Contemporary,
97.5,WVNU,GREENFIELD,OH,NDIR,2.3,39.407444444444444,83.35380555555555,A,WVNU-FM 97.5,164.0,"Total Media Group, Inc.",Adult Contemporary,
95.7,WVQC-LP,CINCINNATI,OH,NDIR,0.028,39.126805555555556,84.49897222222222,LP100,RADIO FREE QUEEN CITY,56.0,"Music Resource Center - Cincinnati, LLC",Variety,Cincinnati
95.1,WVXG,MOUNT GILEAD,OH,DRL,6.0,40.58755555555556,82.80544444444445,A,95.1 MID OHIO'S CLASSIC ROCK,100.0,"DELMAR COMMUNICATIONS, INC.",Classic Rock,
91.7,WVXU,CINCINNATI,OH,NDIR,26.0,39.12533333333334,84.4991111111111,B,NEWS 91.7 - 88.5,208.0,"CINCINNATI PUBLIC RADIO, INC.",News/Talk,Cincinnati
96.5,WVZC-LP,TOLEDO,OH,NDIR,0.1,41.63413888888889,83.55666666666666,LP100,,25.6,NUESTRA GENTE COMMUNITY PROJECTS,Spanish,Toledo
92.1,WWBJ-LP,HILLSBORO,OH,NDIR,0.1,39.196999999999996,83.61130555555555,LP100,,24.773857,HOPE RADIO OF HILLSBORO,Religious Teaching,
97.9,WWGL-LP,STEUBENVILLE,OH,NDIR,0.026,40.35616666666667,80.66461111111111,LP100,,58.0,COMMUNITY OF GOD'S LOVE,Religious Teaching,
88.1,WWGV,GROVE CITY,OH,DRL,14.0,39.72116666666667,83.14325000000001,B1,AMERICAN FAMILY RADIO,84.0,AMERICAN FAMILY ASSOCIATION,Religious Teaching,"Columbus, OH"
105.9,WWJM,NEW LEXINGTON,OH,NDIR,1.7,39.777,82.16486111111112,A,94.5 & 105.9 THE MIX,191.0,"Perry County Broadcasting Company, Inc.",Hot AC,
104.9,WWKC,CALDWELL,OH,NDIR,3.0,39.813111111111105,81.61038888888888,A,KICKIN COUNTRY KC-105,100.0,"AVC COMMUNICATIONS, INC.",Country,
107.1,WWLG,CIRCLEVILLE,OH,NDIR,6.0,39.6645,82.851,A,K-LOVE,100.0,"BLUE CHIP BROADCASTING LICENSES, LTD.",Religious Teaching,
97.7,WWOC-LP,BOWLING GREEN,OH,NDIR,0.067,41.37061111111111,83.64550000000001,LP100,,36.698021,"WWOC GOSPEL BROADCASTING, INC.",Religious Teaching,Toledo
104.5,WWOH-LP,MARIETTA,OH,NDIR,0.027,39.41811111111111,81.4565,LP100,,56.253563,"HOPE RADIO OF MARIETTA, INC.",Religious Teaching,
101.1,WWOV-LP,MARTINS FERRY,OH,NDIR,0.006,40.054249999999996,80.75925,LP100,,116.1,"WHEELING JAMBOREE, INC.",Country,Wheeling
93.1,WWSR,LIMA,OH,NDIR,3.0,40.763083333333334,84.183,A,93.1 THE FAN,97.0,WOOF BOOM RADIO OF LIMA LLC,Sports,Lima-Van Wert
106.9,WWSU,FAIRBORN,OH,NDIR,0.02,39.78261111111111,84.0616111111111,D,THE WRIGHT CHOICE,64.0,WRIGHT STATE UNIVERSITY,Variety,Dayton
106.3,WWTL-LP,LOGAN,OH,NDIR,0.1,39.50663888888889,82.36897222222221,LP100,,27.18956,BRANCH COMMUNICATIONS,Religious Teaching,
97.1,WWWR-LP,WADSWORTH,OH,NDIR,0.015,41.02444444444444,81.72125,LP100,WADSWORTH COMMUNITY RADIO,76.101181,DOWNTOWN WADSWORTH INC.,Variety,Cleveland
101.5,WXBW,GALLIPOLIS,OH,OTS,50.0,38.80533333333333,82.22652777777778,B,BIG BUCK COUNTRY 101.5,150.0,"Kindred Communications, Inc.",Country,
100.9,WXIZ,WAVERLY,OH,NDIR,4.2,39.215611111111116,82.9785,A,KASH FM 100.9,120.0,"Total Media Group, Inc.",Country,
94.5,WXKR,PORT CLINTON,OH,DRL,30.0,41.50088888888889,83.27102777777777,B,94.5 XKR TOLEDO'S CLASSIC ROCK,188.2,Cumulus Media,Classic Rock,
91.9,WXMF,MARION,OH,DRL,6.0,40.614222222222224,83.21547222222223,A,MUSIC OF OUR FAITH,93.0,"KAYSER BROADCAST MINISTRIES, INC.",Contemporary Christian/Religious Teaching,
95.5,WXMG,LANCASTER,OH,DRL,21.0,39.67561111111111,82.67597222222223,B,MAGIC 95.5,232.0,"BLUE CHIP BROADCASTING LICENSES, LTD.",Urban AC,
90.1,WXML,UPPER SANDUSKY,OH,NDIR,15.0,40.91477777777778,83.12547222222221,B,NEW VISION FM,158.0,"KAYSER BROADCAST MINISTRIES, INC.",Contemporary Christian/Religious Teaching,
89.3,WXMW,SYCAMORE,OH,NDIR,0.39,40.91477777777778,83.12547222222221,A,MUSIC OF OUR FAITH,158.0,"KAYSER BROADCAST MINISTRIES, INC.",Contemporary Christian/Religious Teaching,
105.5,WXTQ,ATHENS,OH,NDIR,6.0,39.35505555555556,82.09208333333333,A,PURE ROCK 105 XTQ,95.0,"Total Media Group, Inc.",Classic Rock,
88.3,WXTS-FM,TOLEDO,OH,OTS,0.105,41.668638888888886,83.55408333333332,A,JAZZ 88-3,38.0,BOARD OF EDUCATION TOLEDO CITY SCHOOL DISTRICT,Jazz,Toledo
88.3,WXUT,TOLEDO,OH,NDIR,0.1,41.65725,83.61574999999999,A,TOLEDO'S ONLY ALTERNATIVE,58.0,UNIVERSITY OF TOLEDO,Adult Alternative,Toledo
107.7,WXXF,LOUDONVILLE,OH,NDIR,4.2,40.67213888888889,82.30416666666666,A,107.7 THE BREEZE,119.0,iHeartMedia,Soft AC,
100.1,WXZQ,PIKETON,OH,NDIR,6.0,39.09813888888889,82.95544444444445,A,HITS NOW,100.0,"Total Media Group, Inc.",Contemporary Hit Radio,
105.7,WXZX,HILLIARD,OH,NDIR,2.4,39.969500000000004,83.00269444444444,A,ALT 105-7,159.0,iHeartMedia,Adult Alternative,"Columbus, OH"
98.3,WYBL,ASHTABULA,OH,DRL,4.7,41.85388888888889,80.6888888888889,A,98.3 THE BULL,110.4,"MEDIA ONE HOLDINGS, LLC",Country,
107.3,WYBZ,CROOKSVILLE,OH,NDIR,3.6,39.78733333333333,82.09683333333332,A,Y 107.3,101.3,"AVC COMMUNICATIONS MULTIMEDIA GROUP, LLC",Classic Hits,
96.9,WYDA,TROY,OH,DRL,6.0,39.946999999999996,84.19133333333333,A,AIR1,95.0,EDUCATIONAL MEDIA FOUNDATION,Contemporary Christian,Dayton
94.5,WYDB,ENGLEWOOD,OH,DRL,3.6,39.81755555555556,84.248,A,DAYTON'S CONSERVATIVE TALK,130.0,Delmarva Educational Association,Talk,Dayton
88.1,WYFY,CAMBRIDGE,OH,DRL,1.5,40.027027777777775,81.55233333333334,A,BIBLE BROADCASTING NETWORK,44.0,"BIBLE BROADCASTING NETWORK, INC.",Religious Teaching,
105.3,WYHT,MANSFIELD,OH,OTS,50.0,40.76922222222222,82.53961111111111,B,Y-105,113.0,iHeartMedia,Hot AC,
98.7,WYKL,CRESTLINE,OH,NDIR,2.6,40.7575,82.78933333333333,A,K-LOVE,113.0,EDUCATIONAL MEDIA FOUNDATION,Contemporary Christian,
101.9,WYLR,HUBBARD,OH,NDIR,3.0,41.09283333333334,80.49922222222223,A,K-LOVE,98.0,EDUCATIONAL MEDIA FOUNDATION,Contemporary Christian,
89.1,WYNS,WAYNESVILLE,OH,DRL,6.0,39.50533333333333,84.14741666666667,A,CLASS X RADIO,49.0,"SPRYEX COMMUNICATIONS, INC.",Christian Rock,Cincinnati
95.9,WYNT,CALEDONIA,OH,NDIR,4.6,40.681999999999995,83.00741666666667,A,MAJIC 95.9,114.0,iHeartMedia,Adult Contemporary,
88.5,WYOR,REPUBLIC,OH,NDIR,0.1,41.108916666666666,83.00294444444444,A,SMILE FM MICHIGAN'S POSITIVE HITS,32.0,SMILE FM,Contemporary Christian,
98.7,WYRO,MCARTHUR,OH,NDIR,5.4,39.155055555555556,82.59680555555555,A,CLASSIC ROCK 98.7,105.0,"Total Media Group, Inc.",Classic Rock,
88.5,WYSA,WAUSEON,OH,DRL,10.0,41.55811111111111,84.1855,B1,YES FM,89.0,"SIDE BY SIDE, INC.",Contemporary Christian,Toledo
89.3,WYSM,LIMA,OH,NDIR,3.0,40.654222222222224,84.10994444444444,A,YES FM,67.0,"SIDE BY SIDE, INC.",Contemporary Christian,Lima-Van Wert
91.3,WYSO,YELLOW SPRINGS,OH,DRL,36.0,39.672,84.07616666666667,B,PUBLIC RADIO FOR THE MIAMI VALLEY,174.0,MIAMI VALLEY PUBLIC MEDIA,News/Adult Alternative,Dayton
88.5,WYSU,YOUNGSTOWN,OH,DRL,50.0,41.0565,80.64527777777778,B,WYSU 88.5,114.7,YOUNGSTOWN STATE UNIVERSITY,Classical/News,Youngstown-Warren
89.3,WYSZ,MAUMEE,OH,DRL,2.7,41.62533333333334,83.67105555555555,A,YES FM,74.0,"SIDE BY SIDE, INC.",Contemporary Christian,Toledo
91.7,WYTN,YOUNGSTOWN,OH,NDIR,0.9,41.05783333333333,80.64480555555556,A,FAMILY RADIO,181.0,"FAMILY STATIONS, INC.",Religious Teaching,Youngstown-Warren
92.1,WYVK,MIDDLEPORT,OH,NDIR,4.7,39.058416666666666,82.04180555555556,A,K 92,111.0,"Total Media Group, Inc.",Classic Hits,
104.5,WYWH-LP,ATHENS,OH,NDIR,0.1,39.333111111111116,82.08874999999999,LP100,,-31.0,"HOPE RADIO OF ATHENS, INC.",Religious Teaching,
106.9,WZAA-LP,JEFFERSONVILLE,OH,NDIR,0.1,39.653666666666666,83.56241666666666,LP100,,15.237991,"MC3 COMMUNITY BROADCASTING, INC",Variety,
93.1,WZAK,CLEVELAND,OH,OTS,27.5,41.28058333333333,81.6226111111111,B,CLEVELAND'S R&B LEADER,189.0,"BLUE CHIP BROADCASTING LICENSES, LTD",Urban AC,Cleveland
106.7,WZCB,DUBLIN,OH,NDIR,3.0,40.01722222222222,83.01972222222223,A,106.7 THE BEAT,144.0,iHeartMedia,Urban Contemporary,"Columbus, OH"
89.3,WZCP,CHILLICOTHE,OH,NDIR,2.1,39.345888888888894,83.18738888888889,A,89.3 THE RIVER,120.0,RIVER RADIO MINISTRIES,Contemporary Christian,
103.9,WZDA,BEAVERCREEK,OH,DRL,2.9,39.722,84.20911111111111,A,NEW COUNTRY 103.9,146.0,iHeartMedia,Country,Dayton
88.1,WZIP,AKRON,OH,DRL,7.5,41.08291666666667,81.63377777777778,B,Z88,250.0,THE UNIVERSITY OF AKRON,Rhythmic CHR,Akron
96.1,WZLP-LP,LOUDONVILLE,OH,NDIR,0.1,40.63227777777778,82.24736111111112,LP100,,1.0,ZION EVANGELICAL LUTHERAN CHURCH,Religious Teaching,
95.3,WZLR,XENIA,OH,DRL,6.0,39.631166666666665,83.89408333333334,A,THE EAGLE 95.3-101.1,98.0,"CMG Radio Operating Company, LLC",Classic Hits,Dayton
107.1,WZMO-LP,MARION,OH,NDIR,0.1,40.606972222222225,83.13575,LP100,,30.0,MARION COMMUNITY RADIO,Variety,
89.3,WZNP,NEWARK,OH,DRL,5.5,39.9795,82.21097222222222,B1,89.3 THE RIVER,119.0,RIVER RADIO MINISTRIES,Contemporary Christian,"Columbus, OH"
105.7,WZOM,DEFIANCE,OH,NDIR,6.0,41.223111111111116,84.3766111111111,A,THE BULL,100.0,iHeartMedia,Country,
102.5,WZOO-FM,EDGEWOOD,OH,NDIR,5.8,41.82891666666667,80.82424999999999,A,MAGIC 102.5,100.0,"MEDIA ONE HOLDINGS, LLC",Classic Hits,
107.5,WZRX-FM,FORT SHAWNEE,OH,NDIR,1.35,40.663944444444446,84.08522222222221,A,107.5 THE BIG BUCK,151.0,iHeartMedia,Oldies,Lima-Van Wert
103.7,WZVL,PHILO,OH,DRL,2.4,39.92833333333333,81.98527777777778,A,HIGHWAY 103.7,159.8,"Marquee Broadcasting Ohio, Inc.",Country,
89.5,WZWP,WEST UNION,OH,DRL,3.0,38.857305555555556,83.61047222222221,B1,KING OF KINGS RADIO,174.0,SOMERSET EDUCATIONAL BROADCASTING FOUNDATION,Religious Teaching/Southern Gospel,
107.5,WZZZ,PORTSMOUTH,OH,NDIR,2.6,38.722861111111115,82.99877777777778,A,THE BREEZE 107.5,151.0,"Total Media Group, Inc.",Classic Rock,Huntington-Ashland
